price,foot_traffic,treatment_effect,run_promo_recommendation
5.16,259,-38142.08201277187,False
5.59,259,-27873.661848507683,False
5.93,259,-19754.44590467087,False
6.86,259,2453.997706412214,False
6.84,259,1976.3967685394382,False
4.6,254,-54096.2298728992,False
5.61,254,-29977.382510325126,False
5.99,254,-20902.964690742792,False
6.54,254,-7768.938899242068,False
6.95,254,2021.880327149367,False
4.91,325,-10038.648620270378,False
5.54,325,5005.780922721373,False
5.81,325,11453.393584003526,True
6.45,325,26736.623595931647,True
7.04,325,40825.8512631779,True
4.88,213,-73879.80676716601,False
5.4,213,-61462.182382474406,False
6.0,213,-47134.1542462918,False
6.48,213,-35671.731737345704,False
7.02,213,-22776.506414781365,False
5.06,310,-19503.759292320956,False
5.53,310,-8280.137252311233,False
6.09,310,5092.689008125846,False
6.51,310,15122.308703453673,True
7.06,310,28256.334494954397,True
5.03,375,13337.020096842782,True
5.33,375,20501.034164934084,True
5.97,375,35784.2641768622,True
6.44,375,47007.886216871935,True
6.97,375,59664.31107049988,True
4.95,277,-44470.439915602095,False
5.6,277,-28948.409434737612,False
6.19,277,-14859.181767491365,False
6.54,277,-6501.165354718167,False
7.11,277,7110.461374655308,False
5.14,328,-13603.750688970704,False
5.53,328,-4290.532400451993,False
6.19,328,11470.298549348881,True
6.55,328,20067.11543105844,True
7.07,328,32484.739815750057,True
4.79,389,9530.356414476802,False
5.56,389,27917.9925225778,True
5.53,389,27201.591115768693,True
6.49,389,50126.436133660885,True
6.94,389,60872.45723579785,True
5.16,250,-58697.919613290935,False
5.05,250,-61324.724771591085,False
6.12,250,-35773.074595398735,False
6.55,250,-25504.65443113455,False
6.8,250,-19534.642707725143,False
4.88,293,-43184.96698617359,False
5.53,293,-27662.936505309088,False
5.99,293,-16678.11493423574,False
6.39,293,-7126.0961767806875,False
7.13,293,10545.138524511196,True
5.05,332,-18991.050536671464,False
5.32,332,-12543.437875389282,False
5.98,332,3217.393074411586,False
6.58,332,17545.42121059419,True
7.04,332,28530.242781667534,True
5.03,224,-43406.28058569964,False
5.59,224,-30033.45432526256,False
6.1,224,-17854.63040950733,False
6.52,224,-7825.0107141795015,False
6.89,224,1010.6066364664439,False
5.11,301,-1743.524198979234,False
5.24,301,1360.8818971936635,False
5.97,301,18793.316129549166,True
6.57,301,33121.34426573181,True
7.01,301,43628.56489893235,True
4.89,342,14169.702601880272,True
4.96,342,15841.305884434914,True
5.96,342,39721.352778072585,True
6.28,342,47362.96778403668,True
6.71,342,57631.387948300864,True
4.53,290,-26576.011823633133,False
4.79,290,-20367.199631287338,False
5.78,290,3274.046793413989,False
6.67,290,24527.288528751502,True
6.76,290,26676.492749178906,True
4.96,253,-35409.371497076565,False
5.47,253,-23230.547581321345,False
6.07,253,-8902.519445138714,False
6.53,253,2082.302125934606,False
6.99,253,13067.123697007955,True
5.04,335,8834.706489334065,False
4.96,335,6924.302737843049,False
5.9,335,29371.546817862487,True
5.85,335,28177.544473180576,True
7.32,335,63281.213406828,True
4.96,285,-24192.066166084704,False
5.67,285,-7237.232871601969,False
5.94,285,-789.6202103197575,False
6.29,285,7568.396202453412,False
7.19,285,29060.438406727335,True
5.0,305,-12911.577891578316,False
5.46,305,-1926.756320504981,False
5.32,305,-5269.962885614252,False
6.24,305,16699.680256532418,True
7.1,305,37236.52058506082,True
4.99,399,35378.46771366145,True
5.64,399,50900.49819452592,True
6.02,399,59974.916014108254,True
6.63,399,74541.74461922725,True
7.0,399,83377.3619698732,True
4.9,247,-50546.066044374194,False
5.7,247,-31442.02852946403,False
5.88,247,-27143.62008860928,False
6.5,247,-12337.9910145539,False
6.99,247,-636.7680366714194,False
5.08,341,2281.188470656729,False
5.63,341,15415.214262157453,True
5.99,341,24012.03114386704,True
6.33,341,32131.247087703858,True
7.17,341,52190.48647835948,True
5.09,348,6133.839179159411,False
5.43,348,14253.055122996222,True
6.12,348,30730.287479606253,True
6.71,348,44819.51514685247,True
6.16,348,31685.489355351747,True
4.93,228,-64941.83962341346,False
5.76,228,-45121.40070169418,False
5.97,228,-40106.59085403028,False
6.52,228,-26972.56506252955,False
7.2,228,-10734.133174855899,False
5.04,291,-29790.38230901654,False
5.42,291,-20715.964489434216,False
5.84,291,-10686.34479410639,False
6.64,291,8417.692720803738,False
6.86,291,13671.303037404068,True
5.12,353,4128.4092786332185,False
5.4,353,10814.82240885176,True
6.15,353,28724.85757908004,True
5.72,353,18456.437414815795,True
7.05,353,50216.89978335393,True
4.98,277,-43754.03850879296,False
5.77,277,-24888.80146281922,False
6.06,277,-17963.587863664292,False
6.52,277,-6978.766292590943,False
7.07,277,6155.259498909814,False
4.97,346,-8370.60090200431,False
4.99,346,-7892.999964131548,False
6.0,346,16225.847398442507,True
6.64,346,31509.077410370606,True
7.11,346,42732.69945038034,True
4.92,365,244.4188321366455,False
5.63,365,17199.25212661941,True
6.17,365,30094.477449183745,True
6.36,365,34631.68635897494,True
6.81,365,45377.70746111187,True
4.9,282,-48386.27356761932,False
5.44,282,-35491.04824505496,False
6.22,282,-16864.61166801759,False
6.47,282,-10894.599944608155,False
7.04,282,2717.0267847653377,False
5.13,264,-52186.62054096745,False
5.42,264,-45261.40694181252,False
6.0,264,-31410.979743502663,False
6.38,264,-22336.56192392036,False
7.26,264,-1322.1206575191827,False
5.01,370,-328.20825477129983,False
5.52,370,11850.615660983916,True
6.09,370,25462.242390357387,True
6.46,370,34297.859741003325,True
7.1,370,49581.08975293145,True
5.05,267,-20729.313890491,False
5.61,267,-7356.487630053889,False
6.05,267,3150.7330031466845,False
6.65,267,17478.76113932932,True
7.12,267,28702.383179339027,True
4.86,303,-6681.007282512564,False
5.48,303,8124.621791542799,False
5.95,303,19348.243831552507,True
6.53,303,33198.671029862366,True
7.36,303,53019.10995158166,True
4.93,291,-11204.575839214467,False
5.4,291,19.04620079525921,False
6.17,291,18406.682308896256,True
6.48,291,25809.49684592396,True
6.87,291,35122.71513444265,True
4.89,241,-43276.14661888773,False
5.51,241,-28470.517544832383,False
6.12,241,-13903.68893971336,False
6.62,241,-1963.6654928945136,False
6.94,241,5677.94951306955,False
4.92,290,-17262.79353511444,False
5.48,290,-3889.9672746773285,False
5.82,290,4229.248669159482,False
6.42,290,18557.276805342088,True
7.01,290,32646.50447258832,True
5.0,372,26981.284451296196,True
5.53,372,39637.70930492418,True
5.88,372,47995.72571769735,True
6.0,372,50861.33134493389,True
7.26,372,80950.19043091737,True
4.99,217,204835.31753323856,True
5.57,217,218685.74473154845,True
5.76,217,223222.95364133958,True
6.3,217,236118.17896390392,True
6.87,217,249729.8056932774,True
4.71,237,208474.19080178087,True
5.42,237,225429.02409626363,True
5.46,237,226384.22597200915,True
5.83,237,235219.8433226551,True
6.97,237,262443.09678140207,True
5.08,280,239509.17390976273,True
4.87,280,234494.36406209882,True
5.9,280,259090.81236254564,True
6.68,280,277717.248939583,True
7.0,280,285358.8639455471,True
5.1,264,-36993.56322669992,False
4.95,264,-40575.57026074556,False
5.97,264,-16217.922429235132,False
6.47,264,-4277.898982416293,False
7.02,264,8856.126809084431,False
4.84,296,-26681.9171810283,False
5.51,296,-10682.28576229107,False
5.43,296,-12592.689513782072,False
6.52,296,13436.561600283,True
6.99,296,24660.183640292737,True
4.9,363,9340.595068438917,False
4.83,363,7668.991785884275,False
5.9,363,33220.64196207661,True
6.26,363,41817.45884378617,True
6.79,363,54473.883697414145,True
5.08,253,-48453.2245909167,False
5.21,253,-45348.818494743806,False
6.01,253,-26244.780979833675,False
6.41,253,-16692.76222237857,False
6.96,253,-3558.736430877878,False
5.14,312,-16560.826900953845,False
5.39,312,-10590.815177544424,False
6.06,312,5408.816241192806,False
6.62,312,18781.642501629947,True
6.95,312,26662.05797653037,True
4.96,373,10632.888174412059,True
5.42,373,21617.709745485394,True
6.02,373,35945.737881668,True
6.43,373,45736.55710805944,True
6.74,373,53139.37164508714,True
4.95,271,-47568.025835230364,False
5.33,271,-38493.608015648046,False
6.07,271,-20822.373314356144,False
6.5,271,-10553.953150091958,False
7.0,271,1386.070296726888,False
4.55,320,-31823.092915721285,False
5.42,320,-11047.452118256497,False
6.02,320,3280.5760179261124,False
6.81,320,22145.813063899885,True
6.86,320,23339.815408581795,True
4.97,348,-7338.072262128222,False
5.51,348,5557.153060436118,False
5.98,348,16780.775100445855,True
6.57,348,30870.0027676921,True
6.96,348,40183.221056210765,True
5.01,243,-65893.7768869029,False
5.21,243,-61117.767508175355,False
6.05,243,-41058.52811751971,False
6.69,243,-25775.298105591573,False
6.97,243,-19088.884975373032,False
5.09,301,-34040.04257900533,False
5.57,301,-22577.620070059216,False
6.18,301,-8010.791464940252,False
6.39,301,-2995.9816172763312,False
7.2,301,16346.856366570217,True
5.11,336,-15493.19044330102,False
5.4,336,-8567.976844146091,False
6.01,336,5998.851760972866,False
6.65,336,21282.081772901023,True
7.05,336,30834.100530356067,True
5.04,254,-27679.550518621945,False
5.56,254,-15261.92613393037,False
5.46,254,-17649.93082329412,False
6.53,254,7901.71935289821,False
6.2,254,21.303877997786913,False
5.1,273,-16437.725626180854,False
5.48,273,-7363.307806598521,False
5.91,273,2905.1123576656973,False
6.38,273,14128.734397675376,True
6.85,273,25352.356437685085,True
5.05,333,13344.131225419907,True
5.47,333,23373.750920747734,True
5.96,333,35074.973898630196,True
6.42,333,46059.795469703546,True
6.93,333,58238.61938545875,True
5.03,240,-40449.20437371649,False
5.4,240,-31613.587023070548,False
6.23,240,-11793.148101351253,False
6.66,240,-1524.7279370870674,False
6.94,240,5161.685193131503,False
5.18,320,4433.9482553726775,False
4.96,320,-819.6620612276092,False
6.12,320,26881.192335392123,True
6.63,320,39060.01625114733,True
6.97,320,47179.23219498414,True
4.91,350,13474.265192231833,True
5.44,350,26130.690045859803,True
5.97,350,38787.11489948777,True
6.28,350,46189.92943651548,True
7.06,350,64816.36601355283,True
4.86,306,-15738.520136749547,False
5.44,306,-1888.0929384396877,False
5.86,306,8141.526756888154,False
6.58,306,25335.16052030727,True
6.78,306,30111.169899034823,True
4.93,295,-19745.824373513402,False
5.54,295,-5178.995768394394,False
6.17,295,9865.433774597317,False
6.47,295,17029.447842688634,True
6.63,295,20850.255345670666,True
5.01,367,19335.610413516784,True
5.55,367,32230.835736081135,True
5.86,367,39633.65027310884,True
5.63,367,34141.23948757215,True
7.05,367,68050.90607653766,True
4.94,231,-57851.093287637384,False
5.18,231,-52119.88203316436,False
5.98,231,-33015.8445182542,False
6.37,231,-23702.626229735502,False
7.2,231,-3882.1873080162113,False
4.53,344,-9304.044361029857,False
5.55,344,15053.603470480572,True
5.91,344,23650.420352190158,True
6.37,344,34635.241923263486,True
6.3,344,32963.63864070883,True
5.16,312,-10780.073056055528,False
5.55,312,-1466.854767536839,False
6.08,312,11189.570086091138,True
6.39,312,18592.384623118814,True
6.82,312,28860.804787383036,True
4.86,276,-41832.755548941976,False
5.64,276,-23206.31897190461,False
6.25,276,-8639.490366785616,False
6.39,276,-5296.283801676331,False
6.85,276,5688.537769396993,False
4.87,341,-8036.774284032737,False
5.48,341,6530.0543210862525,False
5.96,341,17992.47683003232,True
6.41,341,28738.49793216931,True
6.86,341,39484.51903430627,True
4.98,352,268.9383935858932,False
5.75,352,18656.57450168692,True
5.99,352,24387.785756159967,True
6.41,352,34417.40545148779,True
7.05,352,49700.63546341589,True
4.87,257,-56706.130065854,False
5.58,257,-39751.29677137124,False
6.2,257,-24945.667697315857,False
6.77,257,-11334.040967942416,False
7.16,257,-2020.8226794236907,False
4.98,300,-31879.95915021795,False
5.36,300,-22805.54133063563,False
5.89,300,-10149.116477007668,False
6.36,300,1074.5055630020724,False
6.84,300,12536.928071948132,True
5.0,319,-21593.33613352237,False
5.47,319,-10369.714093512663,False
5.2,319,-16817.32675479483,False
6.58,319,16137.137958425184,True
6.96,319,25211.55577800749,True
5.19,204,-89282.98520945245,False
5.49,204,-82118.97114136114,False
5.44,204,-83312.97348604302,False
6.6,204,-55612.11908942332,False
7.27,204,-39612.48767068609,False
5.0,280,-54584.10580395227,False
5.55,280,-41450.08001245154,False
6.04,280,-29748.857034569053,False
6.65,280,-15182.02842945006,False
6.94,280,-8256.81483029513,False
5.1,403,11304.410237790915,True
5.61,403,23483.23415354614,True
5.81,403,28259.243532273664,True
6.61,403,47363.281047183824,True
6.8,403,51900.48995697496,True
5.15,255,-32089.789326204376,False
5.53,255,-23015.371506622057,False
5.91,255,-13940.953687039724,False
6.36,255,-3194.9325849027664,False
6.32,255,-4150.134460648289,False
5.02,295,-14543.622624855525,False
5.4,295,-5469.204805273192,False
5.41,295,-5230.404336336818,False
6.48,295,20321.24583985551,True
7.07,295,34410.47350710176,True
4.96,319,-3586.0817599607253,False
5.38,319,6443.537935367101,False
6.02,319,21726.767947295222,True
6.55,319,34383.1928009232,True
7.04,319,46084.415778805684,True
5.13,308,-10508.53421438636,False
5.61,308,953.8882945597361,False
6.12,308,13132.712210314967,True
6.57,308,23878.733312451943,True
7.09,308,36296.3576971435,True
4.93,288,-25609.82999187478,False
5.51,288,-11759.402793564936,False
6.04,288,897.022060063071,False
6.5,288,11881.843631136391,True
7.05,288,25015.869422637123,True
5.12,355,13517.088353765343,True
5.68,355,26889.914614202447,True
6.02,355,35009.13055803926,True
6.56,355,47904.355880603594,True
7.04,355,59366.77838954972,True
5.06,228,-58784.43599901008,False
5.68,228,-43978.80692495471,False
5.98,228,-36814.7928568634,False
6.66,228,-20576.36096918978,False
7.22,228,-7203.534708752697,False
4.89,309,-21026.634055946917,False
5.51,309,-6221.004981891565,False
5.68,309,-2161.397009973145,False
6.26,309,11689.030188336714,True
6.93,309,27688.661607073947,True
4.49,334,-17672.044814950896,False
5.24,334,237.99035527738306,False
5.8,334,13610.816615714466,True
6.56,334,31759.652254879104,True
6.96,334,41311.67101233418,True
4.96,290,-34467.20575924066,False
5.18,290,-29213.59544264038,False
5.99,290,-9870.757458793836,False
6.25,290,-3661.9452664480705,False
6.81,290,9710.880993989049,False
5.1,334,-8408.369116857459,False
5.58,334,3054.0533920886373,False
5.82,334,8785.264646561685,False
6.34,334,21202.889031253282,True
7.14,334,40306.92654616341,True
5.07,332,-10157.299163542666,False
5.59,332,2260.325221148909,False
5.89,332,9424.339289240219,False
6.58,332,25901.571645850236,True
6.93,332,34259.588058623405,True
4.76,263,-58485.50468332095,False
5.46,263,-41769.471857774566,False
6.1,263,-26486.241845846456,False
6.57,263,-15262.619805836719,False
6.9,263,-7382.2043309363,False
5.09,270,-46991.2389688542,False
5.25,270,-43170.43146587217,False
5.96,270,-26215.598171389433,False
6.54,270,-12365.170973079548,False
7.09,270,768.8548184211468,False
4.88,363,-3993.467062280026,False
5.5,363,10812.162011775341,True
5.74,363,16543.37326624839,True
6.54,363,35647.41078115855,True
6.98,363,46154.63141435912,True
5.12,222,-76358.67782609674,False
5.62,222,-64418.65437927788,False
5.78,222,-60597.84687629585,False
6.69,222,-38867.00420308557,False
7.03,222,-30747.788259248762,False
4.95,301,-39633.40452290967,False
5.7,301,-21723.36935268139,False
5.94,301,-15992.158098208343,False
6.52,301,-2141.7308998985027,False
7.26,301,15529.503801393388,True
5.11,391,10651.191774496336,True
5.35,391,16382.40302896937,True
6.06,391,33337.23632345211,True
6.36,391,40501.25039154346,True
7.1,391,58172.48509283532,True
5.07,281,-52396.23820145958,False
5.43,281,-43799.42131975002,False
6.06,281,-28754.991776758296,False
6.81,281,-10844.956606530017,False
6.99,281,-6546.548165675209,False
5.06,310,-37663.37339219269,False
5.55,310,-25962.15041431022,False
5.96,310,-16171.331187918782,False
6.59,310,-1126.901644927042,False
7.17,310,12723.525553382817,True
5.05,372,-5893.786024970323,False
5.67,372,8911.84304908503,False
6.08,372,18702.662275476498,True
6.63,372,31836.688066977214,True
6.93,372,39000.7021350685,True
4.94,292,-18002.81933616066,False
4.88,292,-19435.62214977893,False
6.02,292,7787.631308968026,False
6.44,292,17817.251004295882,True
7.17,292,35249.685236651356,True
4.96,306,-10297.517919155296,False
5.37,306,-506.6986927638427,False
6.05,306,15731.733194909779,True
6.39,306,23850.94913874659,True
7.14,306,41760.98430897484,True
4.99,357,16748.36380449409,True
5.5,357,28927.187720249298,True
5.98,357,40389.610229195394,True
6.46,357,51852.03273814146,True
6.86,357,61404.05149559657,True
5.06,221,-57095.13333155084,False
4.86,221,-61871.142710278364,False
5.78,221,-39901.49956813168,False
6.51,221,-22469.065335776202,False
6.97,221,-11484.243764702856,False
4.84,292,-25693.976932549995,False
5.41,292,-12082.35020317651,False
6.1,292,4394.882153433486,False
6.44,292,12514.098097270326,True
7.0,292,25886.924357707416,True
5.17,303,-12134.653938331074,False
5.3,303,-9030.247842158176,False
6.1,303,10073.78967275197,False
6.53,303,20342.20983701619,True
7.33,303,39446.24735192635,True
4.97,268,-40283.06742191571,False
5.45,268,-28820.644912969612,False
6.11,268,-13059.813963168737,False
6.49,268,-3985.396143586404,False
6.99,268,7954.627303232439,False
4.87,309,-21504.234993819664,False
5.28,309,-11713.41576742821,False
6.03,309,6196.619402800054,False
6.58,309,19330.645194300778,True
6.93,309,27688.661607073947,True
4.95,374,13963.349553644213,True
5.55,374,28291.37768982682,True
5.83,374,34977.79082004539,True
6.61,374,53604.227397082774,True
6.93,374,61245.84240304681,True
5.12,258,-47166.85649427605,False
5.57,258,-36420.835392139066,False
6.1,258,-23764.41053851112,False
6.75,258,-8242.38005764661,False
6.97,258,-2988.769741046337,False
4.83,314,-25181.268176900503,False
5.39,314,-11808.44191646341,False
6.05,314,3952.3890333374657,False
6.03,314,3474.788095464719,False
6.87,314,23534.027486120372,True
4.95,340,-8892.790231274841,False
5.48,340,3763.6346223531364,False
5.89,340,13554.453848744583,True
6.45,340,26927.280109181702,True
6.8,340,35285.29652195487,True
5.05,202,-83052.41460038672,False
5.56,202,-70873.59068463152,False
5.83,202,-64425.9780233493,False
6.42,202,-50336.75035610308,False
7.28,202,-29799.91002757465,False
5.16,299,-30347.970408096287,False
5.54,299,-21273.552588513954,False
5.74,299,-16497.54320978643,False
6.45,299,457.2900846963239,False
6.69,299,6188.501339169372,False
4.92,375,3156.9066527220057,False
5.56,375,18440.136664650105,True
6.16,375,32768.16480083274,True
5.85,375,25365.350263805034,True
6.95,375,51633.40184680651,True
4.49,237,-83659.14257001784,False
5.54,237,-58585.09333169824,False
5.96,237,-48555.47363637044,False
6.3,237,-40436.25769253363,False
6.35,237,-39242.25534785175,False
5.02,322,-27120.250521656115,False
5.45,322,-16851.8303573919,False
5.98,322,-4195.405503763912,False
6.64,322,11565.425446036934,True
6.92,322,18251.838576255504,True
5.1,390,9896.126985621908,False
5.65,390,23030.15277712266,True
5.92,390,29477.765438404815,True
6.43,390,41656.589354160016,True
7.05,390,56462.2184282154,True
4.99,250,-70310.83587102997,False
5.54,250,-57176.81007952923,False
5.49,250,-58370.81242421111,False
5.66,250,-54311.20445229272,False
6.69,250,-29714.75615184589,False
4.97,292,-49105.33537150487,False
5.56,292,-35016.107704258655,False
5.87,292,-27613.29316723095,False
6.76,292,-6360.051431893415,False
6.88,292,-3494.4458046569052,False
4.83,321,-37476.87665841086,False
5.63,321,-18372.839143500714,False
6.19,321,-5000.0128830636095,False
6.42,321,492.39790247305064,False
7.04,321,15298.026976528432,True
4.84,214,-60659.44098069187,False
5.57,214,-43227.006748336345,False
5.38,214,-47764.21565812753,False
6.67,214,-16958.955165334923,False
7.14,214,-5735.333125325218,False
5.11,301,-9296.83248479986,False
5.43,301,-1655.2174788358097,False
6.01,301,12195.209719474035,True
6.41,301,21747.22847692915,True
7.31,301,43239.270681203045,True
5.01,370,23937.400901561406,True
5.74,370,41369.835133916924,True
5.86,370,44235.44076115346,True
6.76,370,65727.48296542736,True
7.13,370,74563.10031607331,True
5.11,224,-54352.33802705481,False
5.77,224,-38591.50707725396,False
6.06,224,-31666.293478099033,False
5.92,224,-35009.50004320829,False
7.0,224,-9219.049398079587,False
5.07,301,-15555.187267570924,False
5.38,301,-8152.372730543248,False
5.96,301,5698.054467766597,False
6.53,301,19309.681197140104,True
6.9,301,28145.298547786057,True
5.1,293,-18968.900420266153,False
5.41,293,-11566.085883238462,False
5.52,293,-8939.280724938326,False
6.22,293,7776.752100608042,False
6.2,293,7299.151162735325,False
5.01,238,-54815.79514431152,False
5.75,238,-37144.56044301962,False
6.05,238,-29980.54637492833,False
6.49,238,-19473.325741727727,False
6.92,238,-9204.905577463542,False
4.93,298,-25750.339699519893,False
5.47,298,-12855.114376955542,False
5.96,298,-1153.891399073087,False
6.19,298,4338.519386463602,False
7.13,298,26785.76346648302,True
4.94,337,-5377.230752999785,False
5.46,337,7040.393631691804,False
5.96,337,18980.417078510633,True
6.36,337,28532.43583596574,True
6.92,337,41905.262096402825,True
4.91,279,-41340.115623241036,False
5.43,279,-28922.491238549443,False
5.38,279,-30116.493583231324,False
6.5,279,-3370.841062357118,False
7.19,279,13106.391294252884,True
5.18,287,-30762.38840245451,False
5.64,287,-19777.566831381195,False
5.93,287,-12852.353232226265,False
6.44,287,-673.5293164710092,False
6.81,287,8162.088034174914,False
5.17,346,-541.5939950462853,False
5.4,346,4950.816790490382,False
6.09,346,21428.04914710037,True
6.27,346,25726.45758795515,True
6.97,346,42442.490413501546,True
5.05,304,-30393.453966706216,False
4.91,304,-33736.66053181549,False
5.82,304,-12005.817858605187,False
6.7,304,9008.623407795989,False
6.84,304,12351.829972905245,True
5.08,238,-63750.49767580799,False
5.65,238,-50138.87094643449,False
5.89,238,-44407.65969196147,False
6.69,238,-25303.62217705131,False
6.12,238,-38915.24890642478,False
4.93,330,-19836.18727555359,False
5.14,330,-14821.377427889678,False
5.97,330,4999.0614938295985,False
6.59,330,19804.69056788495,True
6.81,330,25058.300884485252,True
4.97,213,-84587.0637395848,False
5.3,213,-76706.64826468437,False
5.95,213,-61184.617783819864,False
5.93,213,-61662.21872169264,False
6.69,213,-43513.383082527966,False
5.04,355,-9605.927025827892,False
5.42,355,-531.5092062455733,False
5.81,355,8781.709082273119,False
6.53,355,25975.342845692263,True
6.87,355,34094.558789529074,True
4.96,278,-51268.68341254831,False
5.6,278,-35985.4534006202,False
6.09,278,-24284.230422737743,False
6.59,278,-12344.206975918896,False
7.15,278,1028.619284518245,False
4.9,213,-91561.81992916498,False
5.49,213,-77472.59226191873,False
6.05,213,-64099.76600148165,False
6.38,213,-56219.35052658123,False
7.12,213,-38548.11582528931,False
4.5,346,-32450.684134860196,False
5.63,346,-5466.23114504962,False
6.19,346,7906.595115387492,False
6.44,346,13876.606838796928,True
7.02,346,27727.03403710675,True
4.83,347,-24054.00434002172,False
5.19,347,-15457.187458312146,False
6.2,347,8661.659904261935,False
6.75,347,21795.68569576265,True
6.91,347,25616.493198744683,True
5.17,248,-35226.03862789794,False
5.43,248,-29017.226435552144,False
6.11,248,-12778.794547878508,False
6.38,248,-6331.1818865963505,False
7.04,248,9429.649063204553,False
4.97,292,-17286.41792935154,False
5.62,292,-1764.3874484870248,False
5.92,292,5399.626619604263,False
6.61,292,21876.858976214273,True
7.04,292,32145.279140478488,True
4.95,329,1337.7609704833449,False
5.58,329,16382.190513475085,True
5.98,329,25934.209270930172,True
6.54,329,39307.035531367284,True
6.97,329,49575.45569563147,True
4.99,259,-39148.69245645979,False
5.33,259,-31029.47651262298,False
5.77,259,-20522.25587942242,False
6.46,259,-4045.0235228124075,False
6.78,259,3596.5914831516857,False
4.92,335,-1584.2074237230845,False
5.48,335,11788.618836714028,True
6.01,335,24445.043690341983,True
6.46,335,35191.064792478945,True
6.87,335,44981.88401887041,True
4.97,370,17679.046118790342,True
5.49,370,30096.670503481968,True
6.05,370,43469.49676391905,True
6.59,370,56364.72208648339,True
6.96,370,65200.33943712933,True
5.12,242,-50123.9327062592,False
5.58,242,-39139.11113518586,False
6.25,242,-23139.47971644863,False
6.73,242,-11677.057207502505,False
7.23,242,262.96623931633803,False
4.96,294,-27098.995572462933,False
5.34,294,-18024.57775288062,False
6.03,294,-1547.3453962706117,False
6.41,294,7527.072423311722,False
7.1,294,24004.30477992171,True
4.7,391,16769.831269181544,True
5.37,391,32769.46268791879,True
5.87,391,44709.486134737635,True
6.34,391,55933.10817474734,True
7.07,391,73365.54240710288,True
5.02,252,-52652.44710326809,False
5.59,252,-39040.82037389462,False
6.03,252,-28533.59974069401,False
6.57,252,-15638.374418129646,False
7.01,252,-5131.153784929105,False
4.98,296,-30892.01890173964,False
5.31,296,-23011.60342683922,False
5.3,296,-23250.403895775595,False
6.27,296,-86.75840894706198,False
6.87,296,14241.269727235573,True
5.08,350,-625.7409357215001,False
5.62,350,12269.484386842858,True
5.27,350,3911.467974069652,False
6.55,350,34477.92799792589,True
6.69,350,37821.13456303518,True
4.97,268,-50889.37323596682,False
5.49,268,-38471.7488512752,False
6.21,268,-21278.115087856084,False
6.48,268,-14830.502426573901,False
6.93,268,-4084.481324436965,False
5.05,331,-16454.317328379027,False
5.45,331,-6902.298570923951,False
5.97,331,5515.3258137676385,False
6.38,331,15306.145040159077,True
7.0,331,30111.77411421446,True
4.61,348,-18185.04452263285,False
5.55,348,4262.199557386564,False
5.81,348,10471.011749732359,True
6.34,348,23127.436603360336,True
7.21,348,43903.077400825125,True
5.11,213,-81243.85717447552,False
5.02,213,-83393.06139490292,False
5.75,213,-65960.62716254739,False
6.39,213,-50677.39715061928,False
7.19,213,-31573.359635709126,False
5.0,309,-34309.287618723436,False
5.33,309,-26428.872143822995,False
6.11,309,-7802.4355667855925,False
5.96,309,-11384.442600831266,False
7.14,309,16794.0127336612,True
4.93,364,-7586.353304685646,False
5.67,364,10084.881396606223,False
5.41,364,3876.0692042604423,False
6.45,364,28711.317973643636,True
7.11,364,44472.14892344451,True
5.15,294,-43774.39829077399,False
5.59,294,-33267.17765757343,False
5.95,294,-24670.360775863846,False
6.39,294,-14163.140142663273,False
6.13,294,-20371.952335009068,False
4.94,305,-43110.300619119414,False
5.54,305,-28782.272482936794,False
6.03,305,-17081.04950505434,False
6.46,305,-6812.629340790154,False
6.94,305,4649.793168155971,False
5.04,350,-17490.40153254367,False
5.43,350,-8177.1832440249855,False
5.84,350,1613.635982366468,False
6.25,350,11404.455208757907,True
6.81,350,24777.28146919501,True
5.03,190,194904.38029888738,True
4.88,190,191322.3732648417,True
5.96,190,217112.8239099704,True
6.62,190,232873.6548597713,True
6.92,190,240037.6689278626,True
5.03,221,210908.57421696675,True
5.68,221,226430.60469783124,True
5.94,221,232639.41689017706,True
6.75,221,251982.25487402355,True
7.08,221,259862.670348924,True
5.07,327,266587.7940061449,True
5.53,327,277572.61557721824,True
5.8,327,284020.2282385004,True
6.62,327,303601.86669128336,True
7.03,327,313392.6859176748,True
4.94,181,175252.3360061714,True
5.55,181,189819.16461129035,True
6.14,181,203908.39227853657,True
6.8,181,219669.22322833745,True
7.03,181,225161.63401387414,True
5.02,213,193683.1979956798,True
5.56,213,206578.42331824414,True
5.91,213,214936.43973101737,True
6.45,213,227831.6650535817,True
6.98,213,240488.08990720968,True
4.99,262,218263.74826583485,True
5.46,262,229487.37030584455,True
5.84,262,238561.78812542686,True
6.62,262,257188.22470246427,True
6.77,262,260770.2317365099,True
5.0,301,-30083.251742971748,False
5.34,301,-21964.035799134937,False
6.12,301,-3337.599222097524,False
6.54,301,6692.02047323031,False
7.12,301,20542.44767154017,True
4.91,307,-29134.87004377087,False
5.58,307,-13135.23862503362,False
5.97,307,-3822.020336514928,False
6.47,307,8118.003110303907,False
7.05,307,21968.430308613766,True
5.06,373,8520.582106185684,False
5.45,373,17833.80039470439,True
6.2,373,35743.83556493267,True
6.24,373,36699.03744067816,True
6.28,373,37654.239316423686,True
5.03,231,-70808.50563885125,False
5.46,231,-60540.08547458705,False
5.97,231,-48361.26155883184,False
6.54,231,-34749.63482945833,False
6.78,231,-29018.423574985285,False
5.02,329,-20453.40275385932,False
5.58,329,-7080.57649342221,False
5.91,329,799.8389814782495,False
6.47,329,14172.66524191534,True
7.0,329,26829.090095543317,True
5.12,356,-4126.261426168356,False
5.4,356,2560.1517040502004,False
6.01,356,17126.980309169172,True
6.65,356,32410.21032109733,True
6.67,356,32887.81125897005,True
5.0,253,-65470.24491404897,False
5.45,253,-54724.22381191201,False
6.23,253,-36097.7872348746,False
6.52,253,-29172.5736357197,False
6.94,253,-19142.953940391846,False
5.07,255,-62766.11299161824,False
5.45,255,-53691.69517203592,False
5.97,255,-41274.07078734433,False
6.59,255,-26468.441713288983,False
6.97,255,-17394.023893706646,False
4.86,308,-40418.913882565816,False
5.52,308,-24658.08293276496,False
6.03,308,-12479.259017009725,False
6.49,308,-1494.4374459363753,False
7.05,308,11878.388814500708,True
4.53,250,-83545.81282089837,False
5.53,250,-59665.76592726068,False
5.99,250,-48680.944356187334,False
6.4,250,-38890.125129795895,False
6.25,250,-42472.13216384157,False
4.98,314,-39758.875242726586,False
5.45,314,-28535.253202716875,False
6.06,314,-13968.424597597907,False
6.53,314,-2744.8025575881766,False
6.98,314,8001.218544548785,False
5.02,299,-46547.63816605175,False
5.53,299,-34368.81425029652,False
6.04,299,-22189.990334541293,False
6.46,299,-12160.370639213492,False
7.2,299,5510.864062078428,False
4.88,298,-55710.261958124625,False
5.47,298,-41621.034290878386,False
6.07,298,-27293.00615469575,False
6.38,298,-19890.191617668104,False
6.9,298,-7472.567232976486,False
5.04,346,-27108.76709811647,False
5.53,346,-15407.544120234008,False
5.97,346,-4900.3234870334345,False
6.52,346,8233.70230446729,False
6.37,346,4651.695270421646,False
5.03,365,-17538.545488230004,False
5.64,365,-2971.7168831110394,False
6.1,365,8013.10468796231,False
6.61,365,20191.928603717533,True
7.22,365,34758.7572088365,True
4.98,285,-28214.775985802084,False
5.4,285,-18185.15629047426,False
6.02,285,-3379.527216418908,False
6.32,285,3784.486851672409,False
7.03,285,20739.320146155165,True
5.0,305,-17411.888649168453,False
5.49,305,-5710.665671285969,False
5.93,305,4796.554961914575,False
6.7,305,23184.19107001563,True
6.77,305,24855.79435257023,True
5.04,380,22263.13722193036,True
5.7,380,38023.96817173125,True
6.13,380,48292.388335995434,True
6.42,380,55217.601935150364,True
7.13,380,72172.43522963312,True
5.03,271,-39551.62702727837,False
5.45,271,-29522.00733195055,False
5.98,271,-16865.582478322576,False
6.22,271,-11134.371223849557,False
7.22,271,12745.675669788136,True
5.11,285,-30413.522796654743,False
5.4,285,-23488.309197499817,False
5.94,285,-10593.083874935452,False
6.33,285,-1279.8655864167595,False
7.0,285,14719.765832320481,True
5.28,400,33016.481968138745,True
5.43,400,36598.48900218439,True
5.92,400,48299.711980066844,True
6.56,400,63582.94199199494,True
6.26,400,56418.927923903655,True
4.83,278,-46016.93907346516,False
5.49,278,-30256.10812366428,False
5.35,278,-33599.31468877357,False
6.68,278,-1838.8523202354554,False
7.09,278,7951.966906155983,False
5.02,327,-16182.778486709853,False
4.97,327,-17376.780831391734,False
5.82,327,2921.2590282003075,False
6.44,327,17726.88810225569,True
6.86,327,27756.507797583516,True
5.0,325,-17692.908064458687,False
5.56,325,-4320.081804021604,False
6.12,325,9052.74445641553,False
6.47,325,17410.7608691887,True
6.95,325,28873.183378134796,True
5.04,272,-49402.86805245507,False
5.46,272,-39373.248357127246,False
5.74,272,-32686.835226908686,False
6.63,272,-11433.593491571155,False
7.17,272,1461.631830993174,False
5.1,355,-5120.126683979157,False
5.28,355,-821.7182431243637,False
6.14,355,19715.12208540403,True
6.55,355,29505.941311795497,True
6.96,355,39296.760538186936,True
4.97,327,-22679.933738417287,False
5.48,327,-10501.10982266206,False
6.18,327,6214.9230028843085,False
6.32,327,9558.129567993594,False
6.69,327,18393.746918639546,True
4.95,273,-56338.96085996997,False
5.3,273,-47980.94444719679,False
5.96,273,-32220.113497395923,False
6.46,273,-20280.09005057708,False
7.08,273,-5474.460976521703,False
4.61,282,-59811.797924364386,False
5.63,282,-35454.150092853946,False
5.83,282,-30678.140714126395,False
6.5,282,-14678.509295389158,False
7.09,282,-589.281628142955,False
4.9,394,4935.019507851481,False
5.57,394,20934.650926588743,True
6.16,394,35023.87859383496,True
6.36,394,39799.887972562516,True
7.03,394,55799.51939129975,True
5.09,307,-40745.92032399276,False
5.33,307,-35014.70906951971,False
5.97,307,-19731.47905759159,False
6.62,307,-4209.448576727082,False
7.11,307,7491.774401155373,False
5.09,292,-48489.88512306342,False
5.43,292,-40370.66917922661,False
6.12,292,-23893.436822616586,False
6.53,292,-14102.617596225144,False
7.08,292,-968.5918047244195,False
4.88,327,-35435.443772895786,False
5.51,327,-20391.014229904064,False
6.22,327,-3436.1809354213037,False
6.71,327,8265.04204246118,False
7.27,327,21637.868302898263,True
4.3,291,-73174.53939600078,False
5.51,291,-44279.6826546992,False
6.21,291,-27563.649829152804,False
6.61,291,-18011.631071697724,False
7.1,291,-6310.408093815269,False
5.06,335,-32310.073679562214,False
4.92,335,-35653.280244671485,False
6.16,335,-6042.022096560751,False
6.39,335,-549.6113110240913,False
7.12,335,16882.822921331433,True
5.08,314,-42674.02346038837,False
5.42,314,-34554.80751655156,False
6.07,314,-19032.777035687053,False
6.54,314,-7809.154995677345,False
6.97,314,2459.2651685868404,False
4.59,163,162904.71474153892,True
5.23,163,178187.94475346708,True
6.06,163,198008.3836751863,True
6.43,163,206844.00102583226,True
6.36,163,205172.39774327766,True
4.89,207,192784.3588869042,True
5.41,207,205201.9832715958,True
5.93,207,217619.60765628738,True
6.55,207,232425.23673034276,True
6.91,207,241022.05361205235,True
4.76,286,230464.83406583677,True
5.55,286,249330.07111181054,True
5.99,286,259837.29174501114,True
5.79,286,255061.2823662836,True
7.01,286,284194.9395765215,True
4.97,245,-54407.30215928579,False
4.9,245,-56078.90544184042,False
5.72,245,-36497.26698905754,False
6.54,245,-16915.628536274606,False
6.92,245,-7841.2107166923015,False
5.21,333,-3244.8307502648677,False
5.51,333,3919.1833178264205,False
5.99,333,15381.60582677256,True
6.45,333,26366.42739784588,True
6.97,333,38784.05178253747,True
5.18,358,8945.375841377107,False
5.41,358,14437.786626913788,True
5.38,358,13721.385220104654,True
6.53,358,41183.439147788,True
6.93,358,50735.45790524305,True
4.78,255,-59085.020776722056,False
5.5,255,-41891.38701330293,False
5.88,255,-32816.96919372062,False
6.49,255,-18250.140588601607,False
7.15,255,-2489.3096388007325,False
4.93,241,-62730.71422180903,False
5.63,241,-46014.68139626265,False
6.09,241,-35029.85982518933,False
6.58,241,-23328.636847306843,False
6.79,241,-18313.82699964293,False
4.99,293,-34452.16677141247,False
5.45,293,-23467.345200339136,False
5.97,293,-11049.720815647546,False
5.98,293,-10810.920346711158,False
7.08,293,15457.131236290283,True
5.01,206,-84192.71457517511,False
5.37,206,-75595.89769346555,False
5.93,206,-62223.07143302846,False
6.55,206,-47417.44235897308,False
6.37,206,-51715.85079982786,False
4.97,278,-47976.88541538145,False
5.43,278,-36992.06384430811,False
6.11,278,-20753.63195663448,False
6.46,278,-12395.615543861313,False
7.08,278,2410.013530194068,False
5.01,331,-19659.674582919608,False
5.46,331,-8913.653480782647,False
5.88,331,1115.9662145451657,False
6.61,331,18548.400446900705,True
6.93,331,26190.01545286474,True
4.96,273,-56100.1603910336,False
5.65,273,-39622.928034423574,False
6.07,273,-29593.308339095744,False
6.47,273,-20041.289581640696,False
6.89,273,-10011.66988631287,False
4.86,296,-46614.08572182235,False
5.52,296,-30853.25477202149,False
5.94,296,-20823.635076693634,False
6.48,296,-7928.409754129301,False
7.28,296,11175.627760780859,True
4.69,356,-19697.834497458112,False
5.62,356,2510.609113624945,False
5.75,356,5615.0152097978425,False
6.54,356,24480.252255771615,True
6.86,356,32121.86726173568,True
4.98,251,-72283.52739882335,False
5.53,251,-59149.501607322636,False
5.95,251,-49119.88191199481,False
6.38,251,-38851.46174773063,False
7.0,251,-24045.832673675246,False
5.03,348,-21011.886020151203,False
5.54,348,-8833.062104395969,False
5.9,348,-236.24522268641158,False
6.48,348,13614.181975623447,True
6.93,348,24360.20307776038,True
5.0,311,-40830.067264667974,False
5.48,311,-29367.644755721874,False
5.95,311,-18144.022715712163,False
6.51,311,-4771.196455275087,False
6.91,311,4780.822302180022,False
4.7,224,-98212.23007439467,False
5.62,224,-76242.58693224797,False
6.09,224,-65018.9648922383,False
6.57,224,-53556.54238329217,False
6.75,224,-49258.133942437395,False
4.97,295,-55109.85069751136,False
5.51,295,-42214.62537494703,False
6.01,295,-30274.601928128184,False
6.45,295,-19767.38129492758,False
7.12,295,-3767.749876190319,False
5.08,382,-7568.049704601384,False
5.48,382,1983.9690528536958,False
5.87,382,11297.187341372388,True
6.7,382,31117.626263091675,True
6.59,382,28490.821104791496,True
5.04,218,-61371.68260803279,False
5.68,218,-46088.45259610467,False
5.85,218,-42028.844624186284,False
6.65,218,-22924.80710927609,False
6.85,218,-18148.79773054859,False
4.69,334,-9843.037907992853,False
5.54,334,10455.001951599188,True
5.94,334,20007.020709054268,True
6.57,334,35051.45025204601,True
6.73,334,38872.25775502804,True
5.08,348,6697.880859658457,False
5.57,348,18399.10383754094,True
6.0,348,28667.524001805126,True
6.53,348,41323.948855433104,True
6.94,348,51114.76808182457,True
5.05,242,-54045.69136760891,False
5.71,242,-38284.860417808035,False
5.9,242,-33747.65150801687,False
6.42,242,-21330.02712332528,False
6.45,242,-20613.625716516144,False
4.96,290,-31414.208231010183,False
5.45,290,-19712.985253127714,False
5.97,290,-7295.360868436124,False
6.59,290,7510.268205619235,False
7.1,290,19689.092121374473,True
4.61,334,-17056.594566509426,False
5.58,334,6107.050920319125,False
6.01,334,16375.471084583318,True
6.53,334,28793.095469274936,True
7.08,334,41927.12126077566,True
4.98,251,-56374.06867774669,False
5.5,251,-43956.44429305511,False
5.93,251,-33688.02412879092,False
6.47,251,-20792.798806226558,False
7.22,251,-2882.763635998308,False
5.11,260,-48623.283702131404,False
5.48,260,-39787.66635148546,False
6.05,260,-26176.039622111988,False
6.54,260,-14474.816644229504,False
6.83,260,-7549.603045074575,False
5.04,330,-14156.384589022957,False
5.61,330,-544.7578596494714,False
6.1,330,11156.465118232984,True
6.56,330,22141.286689306304,True
6.93,330,30976.90403995225,True
5.05,263,-53810.446462961096,False
5.76,263,-36855.61316847833,False
6.14,263,-27781.19534889603,False
5.94,263,-32557.204727623528,False
6.9,263,-9632.359709731369,False
4.52,329,-32393.42620067816,False
5.62,329,-6125.374617676687,False
6.12,329,5814.648829142163,False
6.31,329,10351.8577389333,True
6.89,329,24202.284937243166,True
4.93,290,-42736.91545187043,False
5.47,290,-29841.690129306076,False
5.85,290,-20767.272309723772,False
6.4,290,-7633.246518223023,False
6.86,290,3351.575052850334,False
5.09,210,-85520.40645095748,False
5.6,210,-73341.58253520227,False
5.41,210,-77878.79144499342,False
6.55,210,-50655.53798624646,False
6.85,210,-43491.52391815517,False
5.16,297,-38933.807333792996,False
5.43,297,-32486.194672510832,False
6.04,297,-17919.36606739182,False
6.43,297,-8606.147778873157,False
7.31,297,12408.293487528019,True
5.0,397,8871.817157029378,False
5.34,397,16991.03310086619,True
5.87,397,29647.457954494166,True
6.56,397,46124.69031110415,True
7.19,397,61169.1198540959,True
4.89,254,-72883.93865943664,False
5.51,254,-58078.30958538128,False
5.72,254,-53063.499737717364,False
6.58,254,-32526.65940918894,False
6.98,254,-22974.64065173386,False
4.95,327,-33763.84049034114,False
5.55,327,-19435.812354158537,False
6.03,327,-7973.389845212441,False
6.42,327,1339.8284433062508,False
6.64,327,6593.438759906523,False
4.92,346,-24671.21981832744,False
5.54,346,-9865.590744272064,False
6.02,346,1596.8317646740034,False
6.43,346,11387.650991065442,True
6.93,346,23327.674437884285,True
5.12,257,-71145.88782111139,False
5.59,257,-59922.26578110169,False
6.07,257,-48459.84327215556,False
6.32,257,-42489.83154874615,False
7.05,257,-25057.39731639065,False
5.11,342,-27502.22109531401,False
4.94,342,-31561.829067232415,False
6.18,342,-1950.5709191216956,False
6.75,342,11661.055810251804,True
7.07,342,19302.67081621586,True
4.99,402,608.0324737321134,False
5.37,402,9682.450293314432,False
5.98,402,24249.27889843342,True
6.61,402,39293.70844142516,True
7.01,402,48845.727198880224,True
4.8,213,-69684.21546219605,False
5.35,213,-56550.18967069533,False
5.83,213,-45087.767161749216,False
6.53,213,-28371.734336202848,False
7.12,213,-14282.506668956601,False
5.14,269,-32654.19760182877,False
5.49,269,-24296.18118905556,False
6.22,269,-6863.746956700088,False
5.95,269,-13311.359617982242,False
6.47,269,-893.7352332906521,False
5.01,354,8123.863496732076,False
5.73,354,25317.49726015124,True
5.89,354,29138.304763133245,True
6.46,354,42749.931492506716,True
7.09,354,57794.361035498456,True
4.81,272,-44288.973023940634,False
5.37,272,-30916.146763503522,False
5.88,272,-18737.32284774832,False
6.38,272,-6797.299400929478,False
7.21,272,13023.139520789817,True
5.06,269,-39867.75426034535,False
5.57,269,-27688.9303445901,False
6.01,269,-17181.709711389558,False
6.32,269,-9778.895174361853,False
7.18,269,10757.945154166555,True
4.87,370,7737.733143605954,False
5.44,370,21349.359872979447,True
6.05,370,35916.188478098426,True
6.54,370,47617.41145598091,True
7.0,370,58602.23302705423,True
5.03,292,-34013.22921560501,False
5.52,292,-22312.006237722555,False
5.87,292,-13953.989824949356,False
6.38,292,-1775.1659091941547,False
6.79,292,8015.653317197313,False
4.99,295,-33419.63813153638,False
5.5,295,-21240.814215781167,False
6.04,295,-8345.588893216802,False
6.44,295,1206.4298642382782,False
6.1,295,-6912.786079598562,False
4.83,340,-14008.551237306434,False
5.46,340,1035.8783056853063,False
6.17,340,17990.711600168055,True
6.58,340,27781.530826559523,True
7.12,340,40676.75614912389,True
5.17,247,-59205.06995473328,False
5.49,247,-51563.4549487692,False
6.04,247,-38429.429157268474,False
6.53,247,-26728.206179386016,False
6.94,247,-16937.38695299455,False
4.84,315,-31979.511673846715,False
5.42,315,-18129.08447553686,False
6.02,315,-3801.0563393542543,False
5.57,315,-14547.077441491187,False
6.98,315,19123.788678537952,True
4.74,319,-32302.459083458303,False
5.58,319,-12243.219692802653,False
5.78,319,-7467.210314075099,False
6.66,319,13547.230952326063,True
7.02,319,22144.04783403562,True
5.18,290,-49623.36492130719,False
5.3,290,-46757.75929407067,False
5.88,290,-32907.33209576082,False
6.29,290,-23116.512869369355,False
6.18,290,-25743.318027669506,False
4.97,342,-27792.430132192818,False
5.59,342,-12986.80105813747,False
5.82,342,-7494.39027260078,False
6.51,342,8982.8420840092,False
6.84,342,16863.257558909652,True
5.0,314,-41531.42968364891,False
5.65,314,-26009.399202784392,False
6.1,314,-15263.378100647475,False
6.55,314,-4517.356998510513,False
6.99,314,5989.863634690089,False
5.06,261,-72763.78873377256,False
4.87,261,-77300.9976435637,False
6.12,261,-47450.939026516586,False
6.63,261,-35272.115110761384,False
6.88,261,-29302.103387351974,False
5.07,262,-72008.72394489811,False
5.61,262,-59113.49862233377,False
5.96,262,-50755.48220956061,False
6.39,262,-40487.06204529639,False
7.07,262,-24248.630157622734,False
4.87,332,-40646.23092796258,False
5.72,332,-20348.191068370565,False
6.08,332,-11751.374186660978,False
6.7,332,3054.2548873944033,False
6.98,332,9740.668017612945,False
4.9,286,-68981.14114532902,False
5.45,286,-55847.115353828296,False
5.9,286,-45101.094251691335,False
6.62,286,-27907.46048827219,False
6.74,286,-25041.85486103569,False
4.98,336,-41257.5213969358,False
5.45,336,-30033.899356926093,False
5.94,336,-18332.676379043616,False
5.81,336,-21437.082475216543,False
7.0,336,6980.173328212302,False
4.87,375,-23750.01807765224,False
5.46,375,-9660.790410406007,False
5.93,375,1562.8316296036865,False
6.71,375,20189.268206641093,True
6.88,375,24248.876178559483,True
5.31,261,-40278.01247523535,False
5.39,261,-38367.608723744335,False
5.93,261,-25472.38340118,False
6.7,261,-7084.7472930789445,False
7.37,261,8914.884125658282,False
5.09,302,-24364.78567437583,False
5.49,302,-14812.766916920737,False
5.91,302,-4783.14722159291,False
6.51,302,9544.880914589667,False
6.86,302,17902.897327362894,True
5.0,382,14787.155700240299,True
5.76,382,32935.991339404936,True
6.12,382,41532.80822111452,True
6.68,382,54905.634481551606,True
6.73,382,56099.636826233516,True
4.85,247,-63793.68743246686,False
5.49,247,-48510.45742053872,False
6.03,247,-35615.23209797438,False
6.63,247,-21287.203961791776,False
7.05,247,-11257.58426646395,False
4.9,268,-51758.13436908604,False
5.29,268,-42444.916080567345,False
5.87,268,-28594.488882257487,False
6.55,268,-12356.056994583865,False
7.37,268,7225.581458199042,False
5.08,352,-4093.523053435558,False
5.68,352,10234.505082747055,False
5.96,352,16920.918212965596,True
6.59,352,31965.347755957337,True
7.02,352,42233.76792022155,True
4.98,271,-53602.09056480644,False
5.38,271,-44050.07180735138,False
6.01,271,-29005.64226435966,False
6.77,271,-10856.806625195022,False
6.23,271,-23752.03194775933,False
4.93,269,-55828.62154936443,False
5.38,269,-45082.600447227465,False
5.97,269,-30993.37277998124,False
6.53,269,-17620.54651954413,False
7.01,269,-6158.124010598061,False
5.14,373,2877.6775718560675,False
5.54,373,12429.696329311162,True
6.1,373,25802.522589748245,True
6.34,373,31533.733844221293,True
7.19,373,51831.773703813335,True
5.0,201,-94566.14492962234,False
5.5,201,-82626.1214828035,False
6.11,201,-68059.29287768451,False
6.53,201,-58029.67318235668,False
7.07,201,-45134.447859792315,False
4.41,281,-67354.22700182503,False
5.5,281,-41324.97588775997,False
6.28,281,-22698.53931072256,False
6.55,281,-16250.926649440407,False
7.1,281,-3116.900857939683,False
4.8,335,-30162.735436651976,False
5.48,335,-13924.303548978343,False
5.84,335,-5327.486667268786,False
5.95,335,-2700.681508968635,False
6.94,335,20940.5649157327,True
5.04,235,-81361.1090830089,False
5.33,235,-74435.89548385396,False
6.11,235,-55809.458906816566,False
6.65,235,-42914.2335842522,False
7.02,235,-34078.616233606284,False
5.03,321,-37201.178037273465,False
5.69,321,-21440.34708747259,False
5.84,321,-17858.340053426946,False
6.64,321,1245.6974614831706,False
6.04,321,-13082.330674699406,False
5.0,335,-30689.878964949992,False
5.27,335,-24242.266303667828,False
6.07,335,-5138.228788757653,False
6.69,335,9667.4002852977,False
7.06,335,18503.017635943615,True
5.03,250,-79159.09765990016,False
5.35,250,-71517.48265393611,False
6.02,250,-55517.85123519886,False
6.78,250,-37369.015596034194,False
6.92,250,-34025.80903092494,False
4.91,346,-32463.328573084447,False
5.4,346,-20762.10559520198,False
6.06,346,-5001.274645401136,False
6.39,346,2879.140829499316,False
6.94,346,16013.16662100007,True
5.07,331,-36386.48586917308,False
5.37,331,-29222.471801081778,False
5.99,331,-14416.842727026393,False
6.5,331,-2238.018811271191,False
6.97,331,8985.603228738517,False
4.73,273,-79752.185276442,False
5.67,273,-57304.941196422595,False
5.71,273,-56349.73932067707,False
6.34,273,-41305.30977768533,False
7.08,273,-23634.07507639344,False
4.97,341,-38915.00026618197,False
5.63,341,-23154.169316381092,False
5.77,341,-19810.962751271836,False
6.65,341,1203.478515129369,False
6.44,341,-3811.3313325345443,False
4.88,318,-52938.28384518437,False
5.69,318,-33595.44586133784,False
6.22,318,-20939.021007709896,False
6.4,318,-16640.61256685509,False
7.1,318,75.42025869127974,False
5.19,231,-58631.547700613184,False
5.6,231,-48840.728474221745,False
6.18,231,-34990.30127591189,False
6.58,231,-25438.282518456806,False
6.86,231,-18751.869388238236,False
4.96,296,-30566.777690176994,False
5.5,296,-17671.552367612647,False
6.16,296,-1910.721417811772,False
6.66,296,10029.30202900707,False
7.15,296,21730.525006889555,True
5.15,306,-20866.925581005387,False
5.51,306,-12270.108699295844,False
6.12,306,2296.719905823178,False
6.39,306,8744.332567105332,False
6.99,306,23072.360703287966,True
5.1,310,-25299.023552960665,False
5.45,310,-16941.007140187467,False
5.75,310,-9776.99307209615,False
6.35,310,4551.035064086427,False
6.87,310,16968.659448778053,True
4.94,285,-42026.43905439378,False
5.54,285,-27698.410918211164,False
5.85,285,-20295.596381183517,False
6.59,285,-2624.3616798916264,False
7.05,285,8360.45989118173,False
5.05,312,-25460.497257766452,False
5.25,312,-20684.487879038912,False
5.97,312,-3490.8541156197825,False
6.53,312,9881.972144817337,False
7.07,312,22777.197467381702,True
4.83,270,-57700.36191879015,False
5.39,270,-44327.53565835305,False
5.92,270,-31671.110804725075,False
6.43,270,-19492.286888969873,False
7.16,270,-2059.852656614341,False
4.82,243,-71878.29902605372,False
5.65,243,-52057.86010433442,False
5.85,243,-47281.85072560692,False
6.65,243,-28177.81321069673,False
7.03,243,-19103.395391114427,False
5.12,371,1367.5479941072263,False
5.54,371,11397.167689435068,True
6.06,371,23814.792074126628,True
6.57,371,35993.61598988189,True
7.17,371,50321.644126064464,True
5.11,253,-65093.595134543895,False
5.65,253,-52198.36981197953,False
5.93,253,-45511.95668176102,False
6.37,253,-35004.736048560415,False
6.99,253,-20199.10697450504,False
4.99,334,-26141.790846798853,False
5.55,334,-12768.964586361755,False
6.05,334,-828.9411395429124,False
6.67,334,13976.687934512447,True
6.79,334,16842.293561748986,True
5.05,312,-36066.80307181756,False
5.58,312,-23410.378218189588,False
6.05,312,-12186.75617817988,False
6.53,312,-724.3336692337834,False
6.78,312,5245.67805417566,False
4.96,238,-81722.71987468578,False
5.6,238,-66439.48986275766,False
5.92,238,-58797.8748567936,False
6.43,238,-46619.0509410384,False
6.87,238,-36111.830307837794,False
5.04,244,-76714.73020356649,False
4.73,244,-84117.54474059417,False
5.8,244,-58565.89456440187,False
6.49,244,-42088.66220779183,False
7.25,244,-23939.82656862722,False
5.02,399,2828.638448957572,False
5.48,399,13813.460020030921,True
5.98,399,25753.483466849764,True
6.44,399,36738.30503792311,True
7.11,399,52737.93645666036,True
5.13,286,-58185.5774527668,False
5.5,286,-49349.960102120865,False
6.0,286,-37409.93665530202,False
6.38,286,-28335.518835719715,False
7.0,286,-13529.889761664337,False
5.02,314,-46356.981652801725,False
5.68,314,-30596.150703000847,False
5.84,314,-26775.34320001881,False
6.52,314,-10536.911312345197,False
7.26,314,7134.323388946694,False
4.94,328,-41039.68492516011,False
5.43,328,-29338.461947277658,False
6.14,328,-12383.628652794912,False
6.7,328,989.1976076422288,False
7.18,328,12451.620116588296,True
5.02,313,-52176.39887976532,False
5.46,313,-41669.178246564734,False
6.09,313,-26624.74870357301,False
6.51,313,-16595.12900824518,False
7.09,313,-2744.7018099353227,False
5.08,256,-80170.66230261556,False
5.68,256,-65842.63416643297,False
5.81,256,-62738.22807026006,False
6.64,256,-42917.789148540796,False
7.14,256,-30977.765701721954,False
4.94,348,-36017.55143342478,False
5.49,348,-22883.52564192404,False
6.12,348,-7839.096098932299,False
6.62,348,4100.927347886543,False
6.82,348,8876.936726614062,False
4.94,193,-84219.60358166829,False
5.62,193,-67981.17169399465,False
6.0,193,-58906.75387441234,False
6.42,193,-48877.13417908452,False
6.45,193,-48160.73277227538,False
4.84,252,-56148.013394687456,False
5.6,252,-37999.17775552282,False
6.01,252,-28208.35852913138,False
5.95,252,-29641.16134274962,False
6.84,252,-8387.919607412085,False
5.17,315,-15742.945763690244,False
5.58,315,-5952.126537298791,False
5.96,315,3122.2912822835133,False
6.54,315,16972.71848059341,True
7.03,315,28673.941458475863,True
5.09,249,-57029.947538117725,False
5.44,249,-48671.93112534453,False
6.02,249,-34821.50392703468,False
6.37,249,-26463.487514261484,False
7.06,249,-9986.255157651503,False
5.03,267,-49169.99259285119,False
5.71,267,-32931.560705177566,False
5.97,267,-26722.74851283177,False
6.48,267,-14543.92459707654,False
6.79,267,-7141.110060048864,False
4.99,347,-8824.048873553169,False
5.49,347,3115.9745732656957,False
5.65,347,6936.782076247735,False
6.58,347,29145.225687330763,True
6.99,347,38936.04491372223,True
4.8,305,-40347.51212776774,False
5.53,305,-22915.07789541222,False
5.38,305,-26497.08492945788,False
6.58,305,2158.9713429073454,False
6.92,305,10278.187286744156,False
5.02,300,-37675.223410857674,False
5.33,300,-30272.408873829983,False
6.11,300,-11645.972296792585,False
6.44,300,-3765.55682189214,False
7.03,300,10323.670845354078,True
4.99,329,-23419.959539463518,False
5.42,329,-13151.539375199318,False
6.19,329,5236.096732901715,False
6.68,329,16937.31971078417,True
6.88,329,21713.329089511695,True
4.99,244,-72605.57964122282,False
5.51,244,-60187.95525653124,False
5.85,244,-52068.73931269444,False
6.55,244,-35352.70648714804,False
7.03,244,-23890.283978201944,False
5.08,287,-48257.00966345953,False
5.69,287,-33690.181058340546,False
6.17,287,-22227.75854939448,False
6.7,287,-9571.333695766465,False
7.18,287,1891.0888131796019,False
5.06,352,-15177.429805359432,False
5.42,352,-6580.61292364986,False
6.09,352,9419.01849508738,False
6.61,352,21836.642879779,True
7.17,352,35209.46914021608,True
5.12,286,-53121.22501467762,False
5.6,286,-41658.80250573154,False
5.95,286,-33300.78609295834,False
6.57,286,-18495.15701890296,False
6.93,286,-9898.340137193445,False
5.02,252,-73062.2165819349,False
5.29,252,-66614.60392065272,False
6.0,252,-49659.770626169964,False
6.66,252,-33898.93967636909,False
6.95,252,-26973.72607721416,False
4.95,368,-14847.158751676412,False
5.45,368,-2907.1353048575693,False
6.0,368,10226.890486643155,False
6.66,368,25987.72143644403,True
7.01,368,34345.7378492172,True
4.81,231,-94221.73005532329,False
5.4,231,-80132.50238807705,False
5.88,231,-68670.07987913098,False
6.28,231,-59118.06112167587,False
7.33,231,-34044.0118833563,False
4.76,285,-67537.4591233508,False
5.41,285,-52015.428642486295,False
6.03,285,-37209.79956843093,False
6.51,285,-25747.37705948486,False
7.18,285,-9747.745640747598,False
5.16,336,-31655.96004905547,False
5.5,336,-23536.744105218655,False
6.14,336,-8253.514093290563,False
6.74,336,6074.514042892071,False
7.01,336,12522.126704174225,True
4.95,242,-90502.76887792107,False
5.38,242,-80234.34871365689,False
6.0,242,-65428.71963960151,False
6.34,242,-57309.5036957647,False
6.95,242,-42742.67509064571,False
4.97,317,-51305.34394469503,False
5.47,317,-39365.320497876186,False
6.06,317,-25276.09283062997,False
6.33,317,-18828.480169347757,False
7.08,317,-918.444999119507,False
4.84,338,-43568.199322169,False
5.44,338,-29240.17118598638,False
6.05,338,-14673.3425808674,False
6.53,338,-3210.920071921304,False
7.17,338,12072.309940006788,True
4.9,240,-60910.38242032572,False
5.36,240,-49925.56084925238,False
6.21,240,-29627.520989660356,False
6.3,240,-27478.31676923298,False
7.04,240,-9807.08206794106,False
4.96,271,-43473.3856886281,False
5.62,271,-27712.554738827206,False
6.0,271,-18638.136919244906,False
6.58,271,-4787.709720935047,False
6.67,271,-2638.505500507672,False
4.98,382,14309.554762367552,True
5.5,382,26727.17914705914,True
5.97,382,37950.80118706885,True
6.82,382,58248.84104666089,True
6.97,382,61830.848080706535,True
5.12,271,-44955.731092671616,False
5.38,271,-38746.91890032582,False
6.05,271,-22747.28748158858,False
6.49,271,-12240.066848387978,False
7.03,271,655.1584741763581,False
5.1,344,-7746.03667506716,False
5.45,344,611.9797377060386,False
5.93,344,12074.402246652113,True
6.68,344,29984.43741688039,True
7.12,344,40491.658050080994,True
4.99,343,-10889.106153305343,False
5.17,343,-6590.697712450565,False
5.85,343,9647.734175223042,False
6.67,343,29229.37262800595,True
7.19,343,41646.99701269757,True
5.09,276,-48393.96380681609,False
5.43,276,-40274.74786297928,False
5.88,276,-29528.726760842335,False
6.39,276,-17349.902845087105,False
7.19,276,1754.1346698230627,False
5.1,332,-19244.361421349247,False
5.63,332,-6587.93656772127,False
5.98,332,1770.0798450519214,False
6.21,332,7262.490630588582,False
6.88,332,23262.122049325815,True
4.99,446,36982.965893287634,True
5.45,446,47967.78746436097,True
5.93,446,59430.209973307035,True
6.42,446,71131.43295118955,True
7.0,446,84981.8601494994,True
5.08,230,-77684.07589992805,False
5.43,230,-69326.05948715487,False
5.95,230,-56908.435102463256,False
6.58,230,-41864.00555947152,False
7.0,230,-31834.385864143693,False
5.18,307,-35543.71857533489,False
5.57,307,-26230.50028681617,False
6.03,307,-15245.678715742848,False
6.68,307,276.3517651216316,False
7.13,307,11022.3728672586,True
5.03,325,-29832.967850495737,False
5.56,325,-17176.542996867793,False
6.03,325,-5952.920956858063,False
6.64,325,8613.907648260909,False
6.97,325,16494.32312316136,True
4.62,282,-67126.30574124862,False
5.6,282,-43723.85978548371,False
5.84,282,-37992.648531010665,False
6.42,282,-24142.221332700807,False
7.2,282,-5515.784755663408,False
4.92,347,-26405.110877184474,False
5.46,347,-13509.885554620123,False
6.13,347,2489.745864117125,False
6.29,347,6310.553367099157,False
6.2,347,4161.349146671782,False
5.16,362,-12929.934823640768,False
5.6,362,-2422.714190440194,False
5.97,362,6412.903160205751,False
6.64,362,22412.534578942985,True
7.0,362,31009.35146065257,True
4.91,195,-110419.2408837291,False
5.49,195,-96568.81368541924,False
5.97,195,-85106.39117647316,False
6.41,195,-74599.17054327256,False
6.33,195,-76509.57429476357,False
4.96,284,-63277.714064561296,False
5.41,284,-52531.692962424335,False
5.86,284,-41785.67186028736,False
6.46,284,-27457.643724104782,False
7.01,284,-14323.617932604058,False
5.04,408,2649.4653592471877,False
5.52,408,14111.88786819327,True
6.01,408,25813.110846075724,True
6.64,408,40857.540389067464,True
7.01,408,49693.157739713395,True
5.11,255,-79970.52521574448,False
5.74,255,-64926.09567275274,False
6.03,255,-58000.88207359781,False
6.72,255,-41523.64971698783,False
7.08,255,-32926.83283527824,False
4.96,306,-57223.051932949886,False
5.67,306,-40268.218638467144,False
6.1,306,-29999.79847420293,False
6.72,306,-15194.169400147577,False
6.4,306,-22835.784406111612,False
4.89,387,-17077.245300522954,False
5.32,387,-6808.82513625874,False
5.37,387,-5614.822791576858,False
6.58,387,23280.033949724733,True
7.06,387,34742.4564586708,True
4.9,213,-82402.82734447354,False
5.49,213,-68313.59967722729,False
5.94,213,-57567.57857509033,False
6.23,213,-50642.3649759354,False
6.9,213,-34642.73355719817,False
4.58,256,-67845.07659310171,False
5.32,256,-50173.84189180982,False
5.9,256,-36323.41469349996,False
6.44,256,-23428.189370935594,False
7.06,256,-8622.56029688027,False
4.45,335,-30164.601414169127,False
5.72,335,163.05814075071248,False
6.01,335,7088.271739905642,False
6.54,335,19744.69659353365,True
7.12,335,33595.12379184351,True
4.5,236,-85383.91965037916,False
5.48,236,-61981.47369461422,False
5.95,236,-50757.851654604514,False
6.46,236,-38579.02773884931,False
6.93,236,-27355.405698839604,False
5.02,303,-38376.58582983862,False
5.51,303,-26675.362851956168,False
5.23,303,-33361.775982174695,False
5.83,303,-19033.747845992075,False
7.28,303,15592.32014978258,True
4.93,408,13681.96354322863,True
4.94,408,13920.764012165018,True
6.09,408,41382.81793984833,True
6.55,408,52367.63951092168,True
7.21,408,68128.47046072253,True
5.12,220,-84141.67260235806,False
5.45,220,-76261.25712745762,False
6.06,220,-61694.428522338654,False
6.41,220,-53336.41210956543,False
7.09,220,-37097.980221891834,False
5.03,308,-40859.61666823757,False
4.76,308,-47307.22932951975,False
6.06,308,-16263.168367790779,False
6.52,308,-5278.346796717422,False
7.0,308,6184.075712228674,False
4.84,392,-2030.6227032330353,False
5.75,392,19700.219969977275,True
5.93,392,23998.628410832025,True
6.59,392,39759.4593606329,True
6.98,392,49072.67764915162,True
5.05,248,-76661.02783367303,False
5.54,248,-64959.804855790535,False
5.51,248,-65676.2062625997,False
6.39,248,-44661.764996198515,False
6.93,248,-31766.539673634186,False
4.42,321,-54018.16202118754,False
5.53,321,-27511.309969249705,False
5.91,321,-18436.892149667372,False
6.59,321,-2198.4602619937796,False
7.13,321,10696.765060570586,True
5.01,323,-38896.405714065215,False
5.37,323,-30299.58883235565,False
6.1,323,-12867.154600000147,False
6.44,323,-4747.938656163307,False
7.05,323,9818.889948955664,False
5.07,123,117397.33625321982,True
5.55,123,128859.7587621659,True
6.06,123,141038.5826779211,True
6.39,123,148918.99815282156,True
7.13,123,166590.23285411345,True
4.98,183,146223.99122907507,True
5.53,183,159358.01702057582,True
6.07,183,172253.24234314015,True
6.49,183,182282.86203846798,True
7.1,183,196849.69064358695,True
4.97,262,186770.07203524417,True
5.43,262,197754.89360631752,True
5.92,262,209456.11658419998,True
6.17,262,215426.12830760938,True
7.16,262,239067.3747323107,True
4.4,203,-126021.2585258006,False
5.49,203,-99992.00741173551,False
6.2,203,-83037.17411725275,False
6.46,203,-76828.36192490699,False
6.82,203,-68231.5450431974,False
5.04,266,-78213.3763577757,False
5.62,266,-64362.94915946584,False
6.11,266,-52661.72618158338,False
6.4,266,-45736.51258242845,False
7.06,266,-29975.681632627602,False
5.02,332,-44617.532179737565,False
5.42,332,-35065.51342228248,False
5.94,332,-22647.889037590867,False
6.45,332,-10469.065121835665,False
6.98,332,2187.3597317923122,False
4.92,252,-93609.83537117041,False
5.52,252,-79281.8072349878,False
5.97,252,-68535.78613285084,False
6.57,252,-54207.7579966682,False
7.02,252,-43461.73689453127,False
4.8,337,-52592.97380367318,False
5.54,337,-34921.739102381274,False
5.98,337,-24414.5184691807,False
6.54,337,-11041.692208743589,False
6.76,337,-5788.0818921433165,False
4.93,373,-30903.052189730697,False
5.68,373,-12993.017019502433,False
5.89,373,-7978.20717183852,False
5.78,373,-10605.012330138641,False
7.01,373,18767.44534903567,True
4.9,217,183079.18598357978,True
5.28,217,192153.6038031621,True
6.3,217,216511.25163467252,True
6.55,217,222481.26335808195,True
7.02,217,233704.88539809166,True
5.01,230,192417.4273010745,True
5.67,230,208178.25825087534,True
5.99,230,215819.87325683943,True
5.88,230,213193.06809853925,True
6.9,230,237550.71593004972,True
4.95,277,215249.0475245443,True
5.05,277,217637.05221390806,True
6.0,277,240323.09676286386,True
6.5,277,252263.12020968273,True
6.96,277,263247.94178075605,True
4.93,272,-56529.983968345376,False
5.52,272,-42440.75630109914,False
5.99,272,-31217.134261089406,False
6.42,272,-20948.71409682522,False
7.26,272,-889.4747061695671,False
5.1,284,-46275.20415717044,False
5.32,284,-41021.59384057014,False
6.41,284,-14992.342726505049,False
6.41,284,-14992.342726505049,False
6.98,284,-1380.7159971315705,False
5.09,378,2014.8414480693318,False
5.39,378,9178.855516160635,False
5.85,378,20163.677087233955,True
6.51,378,35924.50803703483,True
6.9,378,45237.72632555355,True
4.92,279,-58458.087104741,False
5.59,279,-42458.45568600376,False
6.07,279,-30996.033177057638,False
6.57,279,-19056.009730238795,False
7.11,279,-6160.784407674466,False
4.89,284,-56593.16691185991,False
5.46,284,-42981.540182486424,False
6.23,284,-24593.904074385384,False
6.53,284,-17429.890006294096,False
7.13,284,-3101.86187011149,False
5.06,341,-23106.49270347299,False
5.42,341,-14509.67582176342,False
5.92,341,-2569.652374944577,False
6.41,341,9131.570602937907,False
6.33,341,7221.166851446891,False
4.99,272,-65703.48696877822,False
5.56,272,-52091.86023940476,False
5.93,272,-43256.24288875882,False
6.31,272,-34181.825069176484,False
7.0,272,-17704.592712566482,False
5.07,304,-47272.62497926979,False
5.49,304,-37243.00528394195,False
6.21,304,-20049.371520522836,False
5.95,304,-26258.18371286863,False
6.99,304,-1422.9349434854084,False
5.14,309,-43019.700097024936,False
5.52,309,-33945.282277442624,False
5.97,309,-23199.261175305663,False
6.3,309,-15318.84570040524,False
6.98,309,919.5861872684181,False
5.06,213,-99794.63146959375,False
5.39,213,-91914.21599469331,False
6.14,213,-74004.18082446506,False
6.57,213,-63735.760660200816,False
6.32,213,-69705.77238361025,False
4.54,256,-90012.89009694946,False
5.52,256,-66610.44414118452,False
5.87,256,-58252.42772841132,False
6.55,256,-42013.9958407377,False
7.05,256,-30073.972393918855,False
4.99,332,-40030.78067952112,False
5.39,332,-30478.761922066056,False
6.1,332,-13523.928627583315,False
6.6,332,-1583.9051807644719,False
7.08,332,9878.517328181624,False
5.14,268,-74792.84302853586,False
5.63,268,-63091.620050653386,False
6.08,268,-52345.59894851643,False
6.34,268,-46136.78675617064,False
6.98,268,-30853.5567442425,False
5.02,334,-43585.00353986147,False
4.95,334,-45256.6068224161,False
5.97,334,-20898.958990905667,False
6.43,334,-9914.137419832346,False
7.04,334,4652.691185286676,False
5.06,354,-32304.515265355083,False
5.58,354,-19886.89088066347,False
5.94,354,-11290.073998953885,False
6.46,354,1127.5503857376752,False
7.02,354,14500.376646174787,True
4.4,220,-122547.91799387941,False
5.59,220,-94130.66219045059,False
6.12,220,-81474.23733682258,False
6.71,220,-67385.00966957636,False
6.96,220,-61414.99794616695,False
4.83,297,-72527.14519438581,False
5.41,297,-58676.71799607595,False
6.07,297,-42915.887046275064,False
6.64,297,-29304.260316901615,False
7.16,297,-16886.635932209996,False
5.09,365,-31212.359246253014,False
5.75,365,-15451.528296452125,False
6.01,365,-9242.71610410636,False
6.45,365,1264.5045290942362,False
7.19,365,18935.739230386127,True
4.99,260,-55989.20008695808,False
5.5,260,-43810.376171202864,False
6.07,260,-30198.749441829365,False
6.55,260,-18736.326932883298,False
7.01,260,-7751.505361809977,False
4.95,329,-21322.163886978546,False
5.4,329,-10576.142784841584,False
5.91,329,1602.6811309136538,False
6.53,329,16408.310204969006,True
6.98,329,27154.331307105967,True
4.83,358,-9216.104236011794,False
5.48,358,6305.926244852715,False
5.91,358,16574.34640911693,True
6.67,358,34723.18204828154,True
7.33,358,50484.01299808244,True
4.95,317,-32820.48863326063,False
5.57,317,-18014.85955920525,False
5.34,317,-23507.27034474194,False
6.38,317,1327.9784246412455,False
7.08,317,18044.011250187643,True
4.66,274,-61945.06798975146,False
4.86,274,-57169.05861102392,False
5.84,274,-33766.61265525899,False
6.54,274,-17050.579829712595,False
7.11,274,-3438.953100339124,False
5.02,328,-25469.97783138752,False
5.69,328,-9470.346412650259,False
6.08,328,-157.12812413155916,False
6.41,328,7723.287350768893,False
7.1,328,24200.519707378873,True
4.99,171,-112543.03037549512,False
5.58,171,-98453.80270824888,False
6.12,171,-85558.57738568452,False
6.36,171,-79827.36613121147,False
7.19,171,-60006.927209492205,False
4.93,255,-70609.63031431768,False
5.54,255,-56042.80170919867,False
6.02,255,-44580.37920025261,False
6.51,255,-32879.156222370155,False
7.02,255,-20700.332306614924,False
4.93,336,-28792.22039933611,False
5.32,336,-19479.002110817404,False
6.02,336,-2762.969285271043,False
6.44,336,7266.650410056813,False
6.85,336,17057.469636448222,True
4.83,289,-60747.8010328135,False
5.31,289,-49285.37852386742,False
6.04,289,-31852.944291511885,False
6.54,289,-19912.920844693042,False
7.18,289,-4629.690832764951,False
4.95,290,-57365.931085638935,False
5.42,290,-46142.30904562923,False
5.38,290,-47097.510921374735,False
6.6,290,-17963.853711136755,False
6.99,290,-8650.635422618034,False
5.0,304,-48944.228261824435,False
5.59,304,-34855.00059457822,False
5.9,304,-27452.186057550512,False
6.29,304,-18138.967769031813,False
7.14,304,2159.0720905602066,False
4.77,267,-78841.5717920943,False
5.47,267,-62125.538966547916,False
5.34,267,-65229.94506272081,False
6.8,267,-30365.076598009808,False
7.16,267,-21768.25971630022,False
5.08,310,-49239.391497730714,False
5.48,310,-39687.372740275634,False
5.85,310,-30851.755389629718,False
6.55,310,-14135.72256408332,False
6.82,310,-7688.109902801138,False
5.19,363,-19250.577382714226,False
5.57,363,-10176.159563131892,False
5.93,363,-1579.342681422364,False
6.57,363,13703.887330505793,True
6.93,363,22300.70421221532,True
5.1,205,-108272.69706037815,False
5.61,205,-96093.87314462292,False
5.98,205,-87258.25579397698,False
6.39,205,-77467.43656758554,False
7.01,205,-62661.80749353018,False
5.0,332,-45095.13311761031,False
5.61,332,-30528.30451249131,False
6.1,332,-18827.081534608864,False
6.41,332,-11424.266997581159,False
6.31,332,-13812.27168694495,False
5.13,386,-14112.453744783023,False
5.36,386,-8620.042959246348,False
6.07,386,8334.790335236423,False
5.9,386,4275.182363318003,False
7.07,386,32214.83722887411,True
4.93,260,-89240.92034272969,False
5.67,260,-71569.68564143781,False
6.15,260,-60107.26313249168,False
6.45,260,-52943.24906440039,False
6.94,260,-41242.02608651791,False
4.91,274,-82490.82080146982,False
5.44,274,-69834.39594784184,False
6.2,274,-51685.56030867718,False
6.46,274,-45476.748116331415,False
6.77,274,-38073.93357930374,False
4.44,380,-38990.42492804686,False
5.39,380,-16304.380379091053,False
6.09,380,411.65244645530765,False
6.52,380,10680.072610719522,True
6.89,380,19515.689961365468,True
5.06,178,-96651.27103932307,False
5.6,178,-83756.04571675872,False
5.92,178,-76114.43071079465,False
6.57,178,-60592.400229930136,False
7.19,178,-45786.77115587478,False
5.0,348,-10319.139463473824,False
5.44,348,188.08116972676362,False
6.19,348,18098.116339955028,True
6.43,348,23829.327594428047,True
6.59,348,27650.13509741008,True
4.97,352,-8970.483590530785,False
5.53,352,4402.3426699063275,False
5.86,352,12282.75814480678,True
6.38,352,24700.38252949834,True
6.9,352,37118.00691418996,True
4.97,274,-54542.25345272378,False
5.42,274,-43796.23235058682,False
6.01,274,-29707.0046833406,False
6.6,274,-15617.777016094355,False
6.99,274,-6304.558727575633,False
5.09,325,-25347.167508647006,False
5.56,325,-14123.545468637312,False
5.84,325,-7437.132338418749,False
6.55,325,9517.700956064014,False
7.1,325,22651.72674756474,True
4.89,304,-40964.72760607347,False
5.7,304,-21621.889622226925,False
6.05,304,-13263.873209453755,False
6.47,304,-3234.2535141259214,False
6.96,304,8466.96946375654,False
4.92,217,-90466.47494089973,False
5.41,217,-78765.25196301726,False
5.94,217,-66108.82710938927,False
5.65,217,-73034.0407085442,False
7.1,217,-38407.97271276958,False
4.91,345,-24623.44245776646,False
5.66,345,-6713.407287538197,False
6.07,345,3077.411938853271,False
6.24,345,7137.019910771662,False
7.02,345,25763.456487809046,True
5.1,327,-29378.9913068601,False
5.35,327,-23408.97958345068,False
6.15,327,-4304.942068540506,False
6.46,327,3097.8724684871413,False
7.09,327,18142.30201147888,True
5.12,277,-60017.7592729151,False
5.37,277,-54047.74754950567,False
5.85,277,-42585.325040559605,False
6.63,277,-23958.8884635222,False
7.08,277,-13212.867361385237,False
4.96,264,-70550.0029350917,False
5.6,264,-55266.77292316359,False
5.35,264,-61236.78464657301,False
6.68,264,-29476.322278034895,False
6.91,264,-23983.911492498206,False
4.93,352,-25835.144187352962,False
5.52,352,-11745.91652010673,False
6.19,352,4253.71489863054,False
6.64,352,14999.736000767472,True
7.03,352,24312.954289286194,True
5.18,178,-114998.27704018877,False
5.55,178,-106162.65968954282,False
6.06,178,-93983.83577378762,False
6.41,178,-85625.8193610144,False
7.05,178,-70342.5893490863,False
4.93,334,-40431.05485326331,False
5.57,334,-25147.82484133517,False
6.02,334,-14401.803739198236,False
6.36,334,-6282.587795361396,False
6.55,334,-1745.3788855702587,False
5.04,353,-27995.227616140313,False
5.65,353,-13428.39901102132,False
5.96,353,-6025.584473993673,False
6.5,353,6869.6408485706925,False
6.94,353,17376.861481771295,True
4.98,230,-98231.69468916356,False
4.77,230,-103246.50453682747,False
5.92,230,-75784.45060914413,False
6.52,230,-61456.42247296153,False
7.11,230,-47367.19480571529,False
5.11,272,-73444.18715559281,False
5.61,272,-61504.16370877396,False
5.84,272,-56011.752923237305,False
6.62,272,-37385.31634619989,False
7.25,272,-22340.88680320818,False
4.98,339,-41958.88381591675,False
5.36,339,-32884.465996334424,False
6.18,339,-13302.827543551539,False
6.39,339,-8288.017695887625,False
6.94,339,4846.008095613128,False
4.98,310,-62233.70200114558,False
5.6,310,-47428.07292709023,False
6.15,310,-34294.04713558948,False
5.98,310,-38353.6551075079,False
6.96,310,-14951.209151742987,False
4.75,316,-64628.52686705399,False
5.48,316,-47196.09263469847,False
6.04,316,-33823.26637426136,False
6.57,316,-21166.84152063338,False
6.82,316,-15196.829797223974,False
5.23,320,-51101.04707835572,False
5.43,320,-46325.03769962819,False
6.03,320,-31997.009563445572,False
6.52,320,-20295.786585563117,False
6.86,320,-12176.570641726277,False
5.17,198,-83699.17948226203,False
5.44,198,-77251.56682097985,False
5.38,198,-78684.36963459812,False
6.42,198,-53849.12086521492,False
6.75,198,-45968.70539031447,False
4.92,270,-52498.16017013228,False
4.91,270,-52736.96063906865,False
5.9,270,-29095.71421436734,False
6.38,270,-17633.291705421274,False
6.22,270,-21454.099208403306,False
5.1,382,9621.852103783429,False
5.49,382,18935.07039230215,True
5.88,382,28248.288680820813,True
6.55,382,44247.920099558076,True
7.22,382,60247.55151829531,True
5.16,214,-80980.90373921525,False
5.48,214,-73339.28873325119,False
5.97,214,-61638.065755368734,False
6.45,214,-50175.64324642264,False
7.07,214,-35370.014172367264,False
5.03,231,-75308.8163964414,False
5.36,231,-67428.40092154096,False
5.97,231,-52861.57231642199,False
6.38,231,-43070.75309003055,False
7.16,231,-24444.316512993137,False
4.98,348,-16099.893308372128,False
5.51,348,-3443.4684547441793,False
5.89,348,5630.949364838161,False
6.59,348,22346.98219038453,True
6.76,348,26406.59016230295,True
4.93,264,-73516.55972069592,False
5.35,264,-63486.94002536809,False
5.9,264,-50352.914233867356,False
6.44,264,-37457.68891130299,False
6.97,264,-24801.264057675042,False
4.98,320,-43411.75545948355,False
5.36,320,-34337.337639901234,False
5.93,320,-20725.710910527778,False
6.29,320,-12128.894028818191,False
6.87,320,1721.5331694916676,False
5.06,342,-30143.536669355584,False
5.31,342,-24173.524945946163,False
6.03,342,-6979.891182527019,False
6.5,342,4243.730857482689,False
6.95,342,14989.75195961965,True
4.99,194,-113525.41220976629,False
5.47,194,-102062.98970082021,False
6.11,194,-86779.75968889208,False
6.51,194,-77227.74093143703,False
6.21,194,-84391.75499952832,False
4.89,293,-64803.2492252637,False
5.69,293,-45699.21171035354,False
6.01,293,-38057.59670438951,False
6.48,293,-26833.97466437977,False
6.9,293,-16804.35496905195,False
4.9,367,-26360.889080912057,False
5.42,367,-13943.264696220467,False
5.9,367,-2480.842187274364,False
6.45,367,10653.18360422636,True
7.25,367,29757.22111913649,True
5.02,250,-89201.36179345226,False
5.37,250,-80843.34538067906,False
6.06,250,-64366.113024069076,False
6.37,250,-56963.298487041364,False
6.92,250,-43829.27269554064,False
4.92,303,-64227.35752609968,False
5.42,303,-52287.334079280845,False
5.85,303,-42018.91391501666,False
6.41,303,-28646.087654579518,False
7.13,303,-11452.453891160403,False
4.98,361,-32851.22415607485,False
5.47,361,-21150.001178192397,False
5.82,361,-12791.984765419198,False
6.35,361,-135.55991179124976,False
6.93,361,13714.867286518609,True
5.11,259,-87708.931600608,False
5.63,259,-75291.30721591641,False
5.98,259,-66933.29080314322,False
6.53,259,-53799.26501164249,False
7.05,259,-41381.6406269509,False
5.23,301,-63160.22453597364,False
5.49,301,-56951.41234362783,False
5.95,301,-45966.59077255451,False
6.46,301,-33787.766856799295,False
6.99,301,-21131.34200317129,False
4.96,419,-8688.64744456661,False
5.74,419,9937.789132470789,False
5.91,419,13997.397104389209,True
6.31,419,23549.41586184426,True
6.86,419,36683.441653345,True
5.07,265,-90869.7004637508,False
5.31,265,-85138.48920927777,False
5.96,265,-69616.45872841329,False
6.81,265,-49318.418868821245,False
6.6,265,-54333.22871648516,False
4.88,282,-86630.41593459522,False
5.62,282,-68959.18123330332,False
6.02,282,-59407.162475848265,False
6.36,282,-51287.946532011425,False
6.73,282,-42452.32918136548,False
4.96,337,-56325.47458651178,False
5.56,337,-41997.44645032919,False
5.87,337,-34594.631913301484,False
6.47,337,-20266.60377711888,False
7.08,337,-5699.775171999892,False
5.03,225,-80656.55769486475,False
5.4,225,-71820.9403442188,False
6.0,225,-57492.9122080362,False
5.9,225,-59880.91689739996,False
6.92,225,-35523.26906588952,False
5.19,289,-43794.8337158479,False
5.62,289,-33526.413551583675,False
6.18,289,-20153.587291146592,False
6.51,289,-12273.17181624617,False
6.91,289,-2721.1530587910675,False
4.86,326,-32573.469353040702,False
5.54,326,-16335.037465367066,False
5.86,326,-8693.422459402995,False
6.47,326,5873.40614571597,False
7.17,326,22589.438971262338,True
5.07,238,-78293.07256695023,False
5.63,238,-64920.24630651312,False
6.07,238,-54413.02567331252,False
6.47,238,-44861.00691585747,False
7.08,238,-30294.178310738476,False
4.27,325,-52482.11424725056,False
5.49,325,-23348.457037012544,False
5.85,325,-14751.640155303023,False
6.41,325,-1378.8138948658743,False
6.95,325,11516.411427698462,True
4.95,321,-38308.739639329084,False
5.41,321,-27323.91806825575,False
6.2,321,-8458.681022281962,False
6.53,321,-578.2655473815394,False
6.39,321,-3921.4721124908247,False
5.08,175,147534.87888716496,True
5.45,175,156370.4962378109,True
5.96,175,168549.3201535661,True
6.68,175,185742.95391698525,True
7.14,175,196727.77548805857,True
5.07,233,177239.40897463512,True
5.57,233,189179.432421454,True
5.98,233,198970.25164784543,True
6.61,233,214014.68119083717,True
6.3,233,206611.86665380947,True
5.11,287,206072.88412703504,True
5.41,287,213236.89819512633,True
5.81,287,222788.91695258138,True
5.74,287,221117.31367002675,True
7.19,287,255743.3816658014,True
5.12,260,-76347.56099768248,False
5.36,260,-70616.34974320943,False
6.15,260,-51751.11269723564,False
6.74,260,-37661.88502998943,False
6.81,260,-35990.281747434805,False
4.99,238,-90809.78213249234,False
5.34,238,-82451.76571971916,False
6.08,238,-64780.53101842727,False
6.64,238,-51407.704757990185,False
6.76,238,-48542.099130753646,False
4.96,337,-40416.01586543512,False
5.64,337,-24177.58397776151,False
5.75,337,-21550.77881946133,False
6.67,337,418.86432268531644,False
7.09,337,10448.484018013143,True
5.12,250,-86813.35710408847,False
5.51,250,-77500.13881556981,False
6.0,250,-65798.91583768732,False
6.44,250,-55291.69520448671,False
7.0,250,-41918.868944049624,False
4.9,308,-62123.636864282205,False
4.98,308,-60213.23311279119,False
5.9,308,-38243.58997064452,False
6.7,308,-19139.55245573436,False
6.88,308,-14841.14401487961,False
4.93,327,-51598.21337865025,False
5.6,327,-35598.581959913005,False
5.82,327,-30344.971643312703,False
6.27,327,-19598.95054117577,False
6.89,327,-4793.32146712039,False
4.92,243,-100506.36962940788,False
4.87,243,-101700.37197408976,False
5.98,243,-75193.51992215193,False
5.87,243,-77820.32508045208,False
6.75,243,-56805.8838140509,False
5.09,315,-59275.73062195031,False
5.38,315,-52350.51702279538,False
6.06,315,-36112.08513512176,False
6.57,315,-23933.261219366497,False
6.99,315,-13903.64152403867,False
4.68,322,-65452.69960877545,False
5.36,322,-49214.267721101816,False
5.92,322,-35841.441460664704,False
6.31,322,-26528.223172146012,False
7.23,322,-4558.580029999313,False
4.99,208,-122207.17045171034,False
5.5,208,-110028.34653595512,False
6.03,208,-97371.92168232714,False
6.53,208,-85431.8982355083,False
7.15,208,-70626.26916145292,False
5.02,335,-55925.20041276962,False
5.59,335,-42313.57368339615,False
5.88,335,-35388.36008424122,False
6.35,335,-24164.73804423151,False
6.98,335,-9120.30850123975,False
5.0,306,-71374.46662884565,False
5.48,306,-59912.04411989955,False
6.0,306,-47494.41973520796,False
6.66,306,-31733.588785407082,False
7.25,306,-17644.361118160865,False
5.15,145,144324.85838562937,True
5.84,145,160802.09074223938,True
5.91,145,162473.69402479404,True
6.61,145,179189.7268503404,True
6.1,145,167010.90293458517,True
5.11,207,175378.04434604262,True
5.54,207,185646.46451030683,True
5.92,207,194720.88232988914,True
6.59,207,210720.51374862637,True
6.77,207,215018.92218948115,True
4.99,242,190581.68991663764,True
5.39,242,200133.7086740927,True
5.92,242,212790.13352772067,True
6.65,242,230222.5677600762,True
6.97,242,237864.18276604023,True
5.0,264,-66541.80353111571,False
5.29,264,-59616.589931960785,False
6.13,264,-39557.35054130514,False
6.56,264,-29288.930377040953,False
7.13,264,-15677.303647667453,False
4.79,317,-44194.6044220633,False
5.49,317,-27478.5715965169,False
6.04,317,-14344.545805016176,False
5.85,317,-18881.75471480737,False
6.76,317,2849.0879584029462,False
5.01,367,-13127.778108560808,False
5.5,367,-1426.555130678331,False
6.06,367,11946.271129758752,True
6.56,367,23886.294576577595,True
7.16,367,38214.32271276023,True
5.18,279,-59802.583198215834,False
5.37,279,-55265.37428842467,False
5.88,279,-43086.550372669466,False
6.39,279,-30907.726456914235,False
6.85,279,-19922.904885840922,False
4.94,305,-52110.92213429972,False
5.44,305,-40170.898687480876,False
6.05,305,-25604.070082361897,False
6.53,305,-14141.647573415801,False
6.95,305,-4112.027878087974,False
5.05,368,-16959.4648199028,False
5.43,368,-7885.047000320497,False
6.19,368,10263.78863884417,False
6.56,368,19099.405989490086,True
6.66,368,21487.410678853877,True
4.94,233,-94585.10607686445,False
5.46,233,-82167.48169217286,False
5.86,233,-72615.46293471777,False
6.51,233,-57093.43245385331,False
7.01,233,-45153.40900703447,False
5.04,322,-46249.57691301477,False
5.57,322,-33593.152059386775,False
6.01,322,-23085.931426186224,False
6.43,322,-13056.311730858397,False
7.0,322,555.3149985151103,False
5.12,330,-40209.058602019395,False
5.58,330,-29224.23703094606,False
5.91,330,-21343.82155604561,False
6.59,330,-5105.389668372009,False
7.2,330,9461.438936747014,False
4.89,255,-89724.44628993493,False
5.35,255,-78739.6247188616,False
5.87,255,-66322.00033416999,False
6.62,255,-48411.96516394171,False
6.99,255,-39576.34781329577,False
5.06,285,-70176.90871987521,False
5.43,285,-61341.291369229264,False
6.1,285,-45341.659950492016,False
6.56,285,-34356.838379418696,False
6.2,285,-42953.655261128224,False
4.51,367,-40977.260276456305,False
5.34,367,-21156.82135473704,False
6.01,367,-5157.189935999806,False
6.56,367,7976.835855500918,False
6.82,367,14185.648047846742,True
4.9,234,-105630.34944672303,False
5.49,234,-91541.12177947679,False
5.92,234,-81272.70161521259,False
6.41,234,-69571.4786373301,False
7.17,234,-51422.642998165495,False
4.91,313,-64606.66770268117,False
5.45,313,-51711.442380116816,False
6.14,313,-35234.210023506836,False
6.56,313,-25204.59032817901,False
7.13,313,-11592.963598805509,False
5.03,393,-20439.91648040111,False
5.48,393,-9693.895378264147,False
6.11,393,5350.534164727593,False
6.51,393,14902.552922182644,True
6.96,393,25648.574024319605,True
4.99,261,-94845.161494994,False
5.47,261,-83382.73898604792,False
5.93,261,-72397.9174149746,False
6.64,261,-55443.08412049184,False
6.97,261,-47562.66864559139,False
4.89,309,-72452.47882733167,False
5.62,309,-55020.04459497613,False
5.98,309,-46423.22771326657,False
6.5,309,-34005.60332857498,False
7.22,309,-16811.969565155865,False
4.93,351,-49814.175514188304,False
5.46,351,-37157.75066056032,False
6.04,351,-23307.323462250446,False
6.68,351,-8024.093450322354,False
7.09,351,1766.7257760690845,False
4.99,230,-79030.43797092003,False
5.57,230,-65180.010772610156,False
6.03,230,-54195.189201536836,False
6.46,230,-43926.76903727265,False
6.83,230,-35091.15168662668,False
4.96,247,-70970.34593878241,False
5.45,247,-59269.12296089995,False
5.47,247,-58791.5220230272,False
6.55,247,-33001.0713778985,False
6.89,247,-24881.85543406169,False
4.54,368,-18531.982921606927,False
4.81,368,-12084.370260324744,False
5.99,368,16094.085074167757,True
6.51,368,28511.709458859317,True
6.91,368,38063.72821631443,True
4.88,280,-61147.18003934354,False
5.49,280,-46580.351434224525,False
6.14,280,-31058.320953360068,False
6.61,280,-19834.69891335033,False
6.96,280,-11476.68250057716,False
5.18,308,-39527.765012987,False
5.49,308,-32124.950475959296,False
6.01,308,-19707.326091267736,False
6.24,308,-14214.91530573104,False
6.99,308,3695.1198644972465,False
5.07,331,-30280.490812712123,False
5.37,331,-23116.47674462082,False
5.94,331,-9504.850015247313,False
6.33,331,-191.6317267286213,False
7.04,331,16763.201567754135,True
4.96,216,-97580.8456709129,False
5.44,216,-86118.4231619668,False
5.97,216,-73461.99830833884,False
6.52,216,-60327.97251683811,False
6.97,216,-49581.95141470115,False
4.91,303,-53859.85218098494,False
5.57,303,-38099.02123118406,False
6.14,303,-24487.394501810617,False
6.61,303,-13263.77246180088,False
6.99,303,-4189.354642218546,False
5.05,382,-9731.764340770198,False
5.61,382,3641.061919666914,False
6.1,382,15342.284897549369,True
6.65,382,28476.310689050122,True
6.97,382,36117.92569501416,True
4.9,247,-88312.60747347734,False
4.81,247,-90461.81169390475,False
6.11,247,-59417.750732175744,False
6.6,247,-47716.52775429329,False
7.32,247,-30522.893990874145,False
5.16,265,-72811.03752224676,False
5.63,265,-61587.41548223705,False
5.97,265,-53468.19953840024,False
6.4,265,-43199.77937413602,False
6.81,265,-33408.96014774458,False
5.05,357,-27941.52524624685,False
5.53,357,-16479.10273730076,False
5.46,357,-18150.706019855403,False
6.46,357,5729.340873782276,False
6.9,357,16236.561506982878,True
4.48,258,-97966.47255651224,False
5.44,258,-75041.62753862006,False
5.91,258,-63818.005498610335,False
6.52,258,-49251.17689349137,False
6.97,258,-38505.15579135441,False
4.91,305,-63433.62935515997,False
5.49,305,-49583.20215685009,False
6.2,305,-32628.368862367337,False
6.44,305,-26897.15760789429,False
6.98,305,-14001.932285329953,False
5.12,386,-16601.40959251448,False
5.49,386,-7765.792241868519,False
6.06,386,5845.834487504922,False
6.41,386,14203.85090027815,True
7.02,386,28770.679505397115,True
4.48,288,-87781.69586539647,False
5.41,288,-65573.25225431343,False
5.89,288,-54110.829745367344,False
6.03,288,-50767.62318025806,False
6.22,288,-46230.41427046692,False
4.96,324,-57733.7578386808,False
5.44,324,-46271.335329734706,False
5.83,324,-36958.117041216,False
6.4,324,-23346.490311842528,False
6.98,324,-9496.06311353267,False
5.12,367,-31713.584578362876,False
5.45,367,-23833.16910346244,False
6.23,367,-5206.732526425025,False
6.43,367,-430.7231476975285,False
6.95,367,11986.90123699409,True
5.18,225,-108893.46810297243,False
5.63,225,-98147.44700083547,False
5.94,225,-90744.63246380776,False
6.52,225,-76894.20526549793,False
7.11,225,-62804.97759825169,False
5.06,294,-76136.83565448392,False
5.56,294,-64196.81220766509,False
6.08,294,-51779.18782297347,False
6.63,294,-38645.16203147274,False
6.99,294,-30048.345149763154,False
5.04,319,-63707.828593905564,False
5.43,319,-54394.61030538687,False
6.12,319,-37917.37794877684,False
6.58,319,-26932.55637770352,False
7.17,319,-12843.328710457303,False
5.18,258,-60037.82810286365,False
5.51,258,-52157.412627963226,False
5.87,258,-43560.59574625364,False
6.56,258,-27083.36338964366,False
6.79,258,-21590.95260410697,False
5.01,356,-13503.532720853735,False
5.66,356,2018.4977600107668,False
6.01,356,10376.514172783936,True
6.5,356,22077.73715066642,True
6.97,356,33301.35919067613,True
5.11,372,-2855.2989124812448,False
5.52,372,6935.520313910194,False
5.87,372,15293.536726683393,True
6.54,372,31293.168145420655,True
6.86,372,38934.78315138472,True
5.04,236,-80042.00261363544,False
5.52,236,-68579.58010468936,False
6.0,236,-57117.157595743265,False
6.74,236,-39445.922894451374,False
7.19,236,-28699.901792314413,False
5.04,294,-50098.67205722889,False
4.96,294,-52009.07580871991,False
5.96,294,-28129.028915082235,False
6.01,294,-26935.026570400354,False
7.12,294,-428.1745184624742,False
4.97,346,-24924.530703005235,False
5.48,346,-12745.706787250012,False
6.06,346,1104.720411059825,False
6.71,346,16626.75089192434,True
7.02,346,24029.565428952017,True
5.18,269,-64965.22639759627,False
5.44,269,-58756.41420525046,False
5.9,269,-47771.592634177134,False
6.58,269,-31533.160746503512,False
7.05,269,-20309.538706493797,False
4.98,310,-48574.398658864,False
5.46,310,-37111.976149917915,False
6.01,310,-23977.950358417205,False
6.79,310,-5351.513781379792,False
7.09,310,1812.5002867114963,False
4.91,325,-42502.037142347974,False
5.48,325,-28890.41041297449,False
6.05,325,-15278.783683601025,False
6.3,325,-9308.771960191618,False
6.93,325,5735.657582800122,False
5.0,274,-71985.46614578638,False
5.47,274,-60761.844105776676,False
5.88,274,-50971.02487938524,False
6.59,274,-34016.19158490249,False
7.14,274,-20882.165793401764,False
5.06,282,-66422.54877266378,False
5.28,282,-61168.93845606348,False
5.89,282,-46602.1098509445,False
6.51,282,-31796.480776889148,False
6.91,282,-22244.462019434046,False
4.84,331,-46379.207412299904,False
5.26,331,-36349.587716972084,False
6.13,331,-15573.946919507296,False
6.33,331,-10797.937540779742,False
7.02,331,5679.294815830246,False
5.25,310,-52733.09181163294,False
5.55,310,-45569.07774354164,False
5.95,310,-36017.05898608656,False
6.45,310,-24077.035539267716,False
7.07,310,-9271.406465212334,False
5.0,333,-46829.02417646734,False
5.59,333,-32739.796509221123,False
6.13,333,-19844.571186656758,False
6.43,333,-12680.55711856547,False
6.99,333,692.2691418716713,False
4.97,351,-38252.66782439168,False
4.99,351,-37775.06688651892,False
5.9,351,-16044.224213308626,False
5.68,351,-21297.834529908927,False
7.21,351,15238.637217356736,True
4.49,236,-121941.94831905903,False
5.6,236,-95435.09626712119,False
5.91,236,-88032.28173009348,False
6.49,236,-74181.85453178363,False
6.92,236,-63913.43436751944,False
4.96,277,-89551.48916158949,False
5.48,277,-77133.86477689788,False
6.08,277,-62805.83664071528,False
6.3,277,-57552.22632411501,False
6.83,277,-44895.801470487,False
4.53,382,-45612.15573235906,False
5.48,382,-22926.111183403264,False
6.02,382,-10030.885860838927,False
6.32,382,-2866.87179274761,False
6.93,382,11699.956812371354,True
5.15,193,-133683.63603361958,False
5.4,193,-127713.62431021017,False
6.13,193,-110281.19007785467,False
6.65,193,-97863.56569316304,False
7.02,193,-89027.94834251712,False
4.85,285,-93351.33266741084,False
5.56,285,-76396.49937292811,False
5.95,285,-67083.28108440939,False
6.6,285,-51561.2506035449,False
6.96,285,-42964.43372183534,False
4.87,396,-35568.392216415195,False
5.49,396,-20762.763142359814,False
6.05,396,-7389.936881922738,False
6.45,396,2162.0818755323417,False
6.94,396,13863.304853414826,True
4.88,301,-52555.78469943967,False
5.51,301,-37511.35515644795,False
5.92,301,-27720.53593005648,False
6.45,301,-15064.111076428497,False
6.87,301,-5034.49138110067,False
4.98,338,-31066.000172368265,False
5.22,338,-25334.788917895232,False
5.82,338,-11006.760781712612,False
6.33,338,1172.063134042619,False
6.99,338,16932.894083843494,True
4.95,347,-27136.022699735004,False
5.63,347,-10897.590812061375,False
6.02,347,-1584.3725235426828,False
6.78,347,16564.463115621984,True
6.87,347,18713.66733604936,True
